16:53:38	pre:patterns_snort__enron_corpus__sequential__T0	4013
16:54:08	post:patterns_snort__enron_corpus__sequential__T0	1453
16:54:08	pre:patterns_snort__enron_corpus__sequential_flat__T0	1962
16:54:36	post:patterns_snort__enron_corpus__sequential_flat__T0	1483
16:54:36	pre:patterns_snort__enron_corpus__pthread_chunked__T1	2318
16:55:05	post:patterns_snort__enron_corpus__pthread_chunked__T1	1805
16:55:05	pre:patterns_snort__enron_corpus__pthread_chunked_v2__T1	2546
16:55:34	post:patterns_snort__enron_corpus__pthread_chunked_v2__T1	1732
16:55:34	pre:patterns_snort__enron_corpus__pthread_chunked_v3__T1	2502
16:56:03	post:patterns_snort__enron_corpus__pthread_chunked_v3__T1	1344
16:56:03	pre:patterns_snort__enron_corpus__pthread_dynamic__T1	2229
16:56:32	post:patterns_snort__enron_corpus__pthread_dynamic__T1	1934
16:56:32	pre:patterns_snort__enron_corpus__pthread_prefetch__T1	2381
16:57:01	post:patterns_snort__enron_corpus__pthread_prefetch__T1	1934
16:57:01	pre:patterns_snort__enron_corpus__pthread_chunked_flat__T1	2382
16:57:29	post:patterns_snort__enron_corpus__pthread_chunked_flat__T1	1765
16:57:29	pre:patterns_snort__enron_corpus__pthread_chunked_v3_flat__T1	2783
16:57:56	post:patterns_snort__enron_corpus__pthread_chunked_v3_flat__T1	1468
16:57:56	pre:patterns_snort__enron_corpus__pthread_2d_sharded_chunked__T1	2282
16:58:24	post:patterns_snort__enron_corpus__pthread_2d_sharded_chunked__T1	1703
16:58:24	pre:patterns_snort__enron_corpus__pattern_sharded_prefix__T1	2795
16:58:52	post:patterns_snort__enron_corpus__pattern_sharded_prefix__T1	1849
16:58:52	pre:patterns_snort__enron_corpus__pthread_chunked__T2	2408
16:59:07	post:patterns_snort__enron_corpus__pthread_chunked__T2	1874
16:59:07	pre:patterns_snort__enron_corpus__pthread_chunked_v2__T2	2337
16:59:22	post:patterns_snort__enron_corpus__pthread_chunked_v2__T2	1793
16:59:22	pre:patterns_snort__enron_corpus__pthread_chunked_v3__T2	2374
16:59:37	post:patterns_snort__enron_corpus__pthread_chunked_v3__T2	1567
16:59:37	pre:patterns_snort__enron_corpus__pthread_dynamic__T2	2297
16:59:52	post:patterns_snort__enron_corpus__pthread_dynamic__T2	3529
16:59:52	pre:patterns_snort__enron_corpus__pthread_prefetch__T2	3764
17:00:07	post:patterns_snort__enron_corpus__pthread_prefetch__T2	1518
17:00:07	pre:patterns_snort__enron_corpus__pthread_chunked_flat__T2	2604
17:00:21	post:patterns_snort__enron_corpus__pthread_chunked_flat__T2	1623
17:00:21	pre:patterns_snort__enron_corpus__pthread_chunked_v3_flat__T2	2226
17:00:35	post:patterns_snort__enron_corpus__pthread_chunked_v3_flat__T2	1810
17:00:35	pre:patterns_snort__enron_corpus__pthread_2d_sharded_chunked__T2	2218
17:00:55	post:patterns_snort__enron_corpus__pthread_2d_sharded_chunked__T2	1477
17:00:55	pre:patterns_snort__enron_corpus__pattern_sharded_prefix__T2	2439
17:01:15	post:patterns_snort__enron_corpus__pattern_sharded_prefix__T2	1742
17:01:15	pre:patterns_snort__enron_corpus__pthread_chunked__T4	2184
17:01:23	post:patterns_snort__enron_corpus__pthread_chunked__T4	1652
17:01:23	pre:patterns_snort__enron_corpus__pthread_chunked_v2__T4	2434
17:01:31	post:patterns_snort__enron_corpus__pthread_chunked_v2__T4	1896
17:01:31	pre:patterns_snort__enron_corpus__pthread_chunked_v3__T4	2404
17:01:38	post:patterns_snort__enron_corpus__pthread_chunked_v3__T4	1896
17:01:38	pre:patterns_snort__enron_corpus__pthread_dynamic__T4	2527
17:01:46	post:patterns_snort__enron_corpus__pthread_dynamic__T4	2222
17:01:46	pre:patterns_snort__enron_corpus__pthread_prefetch__T4	2410
17:01:54	post:patterns_snort__enron_corpus__pthread_prefetch__T4	1739
17:01:54	pre:patterns_snort__enron_corpus__pthread_chunked_flat__T4	2413
17:02:01	post:patterns_snort__enron_corpus__pthread_chunked_flat__T4	1708
17:02:01	pre:patterns_snort__enron_corpus__pthread_chunked_v3_flat__T4	2406
17:02:08	post:patterns_snort__enron_corpus__pthread_chunked_v3_flat__T4	2260
17:02:08	pre:patterns_snort__enron_corpus__pthread_2d_sharded_chunked__T4	2496
17:02:19	post:patterns_snort__enron_corpus__pthread_2d_sharded_chunked__T4	2027
17:02:19	pre:patterns_snort__enron_corpus__pattern_sharded_prefix__T4	2605
17:02:35	post:patterns_snort__enron_corpus__pattern_sharded_prefix__T4	1621
17:02:35	pre:patterns_snort__enron_corpus__pthread_chunked__T6	2137
17:02:41	post:patterns_snort__enron_corpus__pthread_chunked__T6	1943
17:02:41	pre:patterns_snort__enron_corpus__pthread_chunked_v2__T6	2384
17:02:46	post:patterns_snort__enron_corpus__pthread_chunked_v2__T6	1545
17:02:46	pre:patterns_snort__enron_corpus__pthread_chunked_v3__T6	2184
17:02:51	post:patterns_snort__enron_corpus__pthread_chunked_v3__T6	1845
17:02:51	pre:patterns_snort__enron_corpus__pthread_dynamic__T6	2760
17:02:56	post:patterns_snort__enron_corpus__pthread_dynamic__T6	1937
17:02:56	pre:patterns_snort__enron_corpus__pthread_prefetch__T6	2727
17:03:02	post:patterns_snort__enron_corpus__pthread_prefetch__T6	2289
17:03:02	pre:patterns_snort__enron_corpus__pthread_chunked_flat__T6	2684
17:03:07	post:patterns_snort__enron_corpus__pthread_chunked_flat__T6	1721
17:03:07	pre:patterns_snort__enron_corpus__pthread_chunked_v3_flat__T6	2735
17:03:12	post:patterns_snort__enron_corpus__pthread_chunked_v3_flat__T6	2362
17:03:12	pre:patterns_snort__enron_corpus__pthread_2d_sharded_chunked__T6	3029
17:03:19	post:patterns_snort__enron_corpus__pthread_2d_sharded_chunked__T6	1963
17:03:19	pre:patterns_snort__enron_corpus__pattern_sharded_prefix__T6	2469
17:03:34	post:patterns_snort__enron_corpus__pattern_sharded_prefix__T6	1685
17:03:34	pre:patterns_snort__enron_corpus__pthread_chunked__T8	2197
17:03:39	post:patterns_snort__enron_corpus__pthread_chunked__T8	2271
17:03:39	pre:patterns_snort__enron_corpus__pthread_chunked_v2__T8	2441
17:03:43	post:patterns_snort__enron_corpus__pthread_chunked_v2__T8	2209
17:03:43	pre:patterns_snort__enron_corpus__pthread_chunked_v3__T8	3002
17:03:47	post:patterns_snort__enron_corpus__pthread_chunked_v3__T8	1781
17:03:47	pre:patterns_snort__enron_corpus__pthread_dynamic__T8	2518
17:03:51	post:patterns_snort__enron_corpus__pthread_dynamic__T8	1824
17:03:51	pre:patterns_snort__enron_corpus__pthread_prefetch__T8	2154
17:03:55	post:patterns_snort__enron_corpus__pthread_prefetch__T8	2460
17:03:55	pre:patterns_snort__enron_corpus__pthread_chunked_flat__T8	2807
17:03:59	post:patterns_snort__enron_corpus__pthread_chunked_flat__T8	2064
17:03:59	pre:patterns_snort__enron_corpus__pthread_chunked_v3_flat__T8	2906
17:04:03	post:patterns_snort__enron_corpus__pthread_chunked_v3_flat__T8	1855
17:04:03	pre:patterns_snort__enron_corpus__pthread_2d_sharded_chunked__T8	2635
17:04:08	post:patterns_snort__enron_corpus__pthread_2d_sharded_chunked__T8	1800
17:04:08	pre:patterns_snort__enron_corpus__pattern_sharded_prefix__T8	2497
17:04:24	post:patterns_snort__enron_corpus__pattern_sharded_prefix__T8	1776
17:04:24	pre:patterns_snort__enron_corpus__pthread_chunked__T10	2077
17:04:27	post:patterns_snort__enron_corpus__pthread_chunked__T10	2494
17:04:27	pre:patterns_snort__enron_corpus__pthread_chunked_v2__T10	2852
17:04:30	post:patterns_snort__enron_corpus__pthread_chunked_v2__T10	2363
17:04:30	pre:patterns_snort__enron_corpus__pthread_chunked_v3__T10	2981
17:04:34	post:patterns_snort__enron_corpus__pthread_chunked_v3__T10	2366
17:04:34	pre:patterns_snort__enron_corpus__pthread_dynamic__T10	3069
17:04:37	post:patterns_snort__enron_corpus__pthread_dynamic__T10	2517
17:04:37	pre:patterns_snort__enron_corpus__pthread_prefetch__T10	2529
17:04:40	post:patterns_snort__enron_corpus__pthread_prefetch__T10	2133
17:04:40	pre:patterns_snort__enron_corpus__pthread_chunked_flat__T10	2530
17:04:44	post:patterns_snort__enron_corpus__pthread_chunked_flat__T10	2003
17:04:44	pre:patterns_snort__enron_corpus__pthread_chunked_v3_flat__T10	2535
17:04:47	post:patterns_snort__enron_corpus__pthread_chunked_v3_flat__T10	2564
17:04:47	pre:patterns_snort__enron_corpus__pthread_2d_sharded_chunked__T10	2991
17:04:51	post:patterns_snort__enron_corpus__pthread_2d_sharded_chunked__T10	1883
17:04:51	pre:patterns_snort__enron_corpus__pattern_sharded_prefix__T10	2674
17:05:07	post:patterns_snort__enron_corpus__pattern_sharded_prefix__T10	1635
17:05:07	pre:patterns_snort__enron_corpus__pthread_chunked__T12	2169
17:05:10	post:patterns_snort__enron_corpus__pthread_chunked__T12	2233
17:05:10	pre:patterns_snort__enron_corpus__pthread_chunked_v2__T12	2862
17:05:12	post:patterns_snort__enron_corpus__pthread_chunked_v2__T12	1967
17:05:12	pre:patterns_snort__enron_corpus__pthread_chunked_v3__T12	2491
17:05:15	post:patterns_snort__enron_corpus__pthread_chunked_v3__T12	2339
17:05:15	pre:patterns_snort__enron_corpus__pthread_dynamic__T12	2488
17:05:18	post:patterns_snort__enron_corpus__pthread_dynamic__T12	2226
17:05:18	pre:patterns_snort__enron_corpus__pthread_prefetch__T12	2760
17:05:21	post:patterns_snort__enron_corpus__pthread_prefetch__T12	2617
17:05:21	pre:patterns_snort__enron_corpus__pthread_chunked_flat__T12	2827
17:05:24	post:patterns_snort__enron_corpus__pthread_chunked_flat__T12	2046
17:05:24	pre:patterns_snort__enron_corpus__pthread_chunked_v3_flat__T12	2556
17:05:27	post:patterns_snort__enron_corpus__pthread_chunked_v3_flat__T12	2293
17:05:27	pre:patterns_snort__enron_corpus__pthread_2d_sharded_chunked__T12	2449
17:05:30	post:patterns_snort__enron_corpus__pthread_2d_sharded_chunked__T12	2015
17:05:30	pre:patterns_snort__enron_corpus__pattern_sharded_prefix__T12	2228
17:05:46	post:patterns_snort__enron_corpus__pattern_sharded_prefix__T12	1567
17:05:46	pre:patterns_snort__enron_corpus__pthread_chunked__T14	2158
17:05:49	post:patterns_snort__enron_corpus__pthread_chunked__T14	1789
17:05:49	pre:patterns_snort__enron_corpus__pthread_chunked_v2__T14	1930
17:05:51	post:patterns_snort__enron_corpus__pthread_chunked_v2__T14	1651
17:05:51	pre:patterns_snort__enron_corpus__pthread_chunked_v3__T14	2741
17:05:54	post:patterns_snort__enron_corpus__pthread_chunked_v3__T14	2416
17:05:54	pre:patterns_snort__enron_corpus__pthread_dynamic__T14	2854
17:05:56	post:patterns_snort__enron_corpus__pthread_dynamic__T14	1974
17:05:56	pre:patterns_snort__enron_corpus__pthread_prefetch__T14	2767
17:05:59	post:patterns_snort__enron_corpus__pthread_prefetch__T14	1656
17:05:59	pre:patterns_snort__enron_corpus__pthread_chunked_flat__T14	1900
17:06:01	post:patterns_snort__enron_corpus__pthread_chunked_flat__T14	1942
17:06:01	pre:patterns_snort__enron_corpus__pthread_chunked_v3_flat__T14	2569
17:06:04	post:patterns_snort__enron_corpus__pthread_chunked_v3_flat__T14	2435
17:06:04	pre:patterns_snort__enron_corpus__pthread_2d_sharded_chunked__T14	2485
17:06:07	post:patterns_snort__enron_corpus__pthread_2d_sharded_chunked__T14	2282
17:06:07	pre:patterns_snort__enron_corpus__pattern_sharded_prefix__T14	2491
17:06:23	post:patterns_snort__enron_corpus__pattern_sharded_prefix__T14	1887
17:06:23	pre:patterns_snort__enron_corpus__pthread_chunked__T16	2418
17:06:25	post:patterns_snort__enron_corpus__pthread_chunked__T16	2736
17:06:25	pre:patterns_snort__enron_corpus__pthread_chunked_v2__T16	2625
17:06:28	post:patterns_snort__enron_corpus__pthread_chunked_v2__T16	2375
17:06:28	pre:patterns_snort__enron_corpus__pthread_chunked_v3__T16	2822
17:06:30	post:patterns_snort__enron_corpus__pthread_chunked_v3__T16	3090
17:06:30	pre:patterns_snort__enron_corpus__pthread_dynamic__T16	3159
17:06:32	post:patterns_snort__enron_corpus__pthread_dynamic__T16	2427
17:06:32	pre:patterns_snort__enron_corpus__pthread_prefetch__T16	2665
17:06:34	post:patterns_snort__enron_corpus__pthread_prefetch__T16	2236
17:06:34	pre:patterns_snort__enron_corpus__pthread_chunked_flat__T16	2508
17:06:37	post:patterns_snort__enron_corpus__pthread_chunked_flat__T16	1632
17:06:37	pre:patterns_snort__enron_corpus__pthread_chunked_v3_flat__T16	2687
17:06:39	post:patterns_snort__enron_corpus__pthread_chunked_v3_flat__T16	3170
17:06:39	pre:patterns_snort__enron_corpus__pthread_2d_sharded_chunked__T16	3271
17:06:42	post:patterns_snort__enron_corpus__pthread_2d_sharded_chunked__T16	1768
17:06:42	pre:patterns_snort__enron_corpus__pattern_sharded_prefix__T16	2376
17:06:57	post:patterns_snort__enron_corpus__pattern_sharded_prefix__T16	1780
17:06:57	pre:patterns_snort__enron_corpus__pthread_chunked__T18	2525
17:07:00	post:patterns_snort__enron_corpus__pthread_chunked__T18	2213
17:07:00	pre:patterns_snort__enron_corpus__pthread_chunked_v2__T18	2876
17:07:02	post:patterns_snort__enron_corpus__pthread_chunked_v2__T18	2199
17:07:02	pre:patterns_snort__enron_corpus__pthread_chunked_v3__T18	2670
17:07:04	post:patterns_snort__enron_corpus__pthread_chunked_v3__T18	2286
17:07:04	pre:patterns_snort__enron_corpus__pthread_dynamic__T18	2566
17:07:06	post:patterns_snort__enron_corpus__pthread_dynamic__T18	1752
17:07:06	pre:patterns_snort__enron_corpus__pthread_prefetch__T18	2106
17:07:09	post:patterns_snort__enron_corpus__pthread_prefetch__T18	1990
17:07:09	pre:patterns_snort__enron_corpus__pthread_chunked_flat__T18	2464
17:07:11	post:patterns_snort__enron_corpus__pthread_chunked_flat__T18	1995
17:07:11	pre:patterns_snort__enron_corpus__pthread_chunked_v3_flat__T18	2532
17:07:13	post:patterns_snort__enron_corpus__pthread_chunked_v3_flat__T18	2063
17:07:13	pre:patterns_snort__enron_corpus__pthread_2d_sharded_chunked__T18	2727
17:07:16	post:patterns_snort__enron_corpus__pthread_2d_sharded_chunked__T18	1608
17:07:16	pre:patterns_snort__enron_corpus__pattern_sharded_prefix__T18	1909
17:07:32	post:patterns_snort__enron_corpus__pattern_sharded_prefix__T18	1972
17:07:32	pre:patterns_snort__enron_corpus__pthread_chunked__T20	2112
17:07:34	post:patterns_snort__enron_corpus__pthread_chunked__T20	2158
17:07:34	pre:patterns_snort__enron_corpus__pthread_chunked_v2__T20	2505
17:07:36	post:patterns_snort__enron_corpus__pthread_chunked_v2__T20	2167
17:07:36	pre:patterns_snort__enron_corpus__pthread_chunked_v3__T20	3024
17:07:38	post:patterns_snort__enron_corpus__pthread_chunked_v3__T20	1993
17:07:38	pre:patterns_snort__enron_corpus__pthread_dynamic__T20	2539
17:07:40	post:patterns_snort__enron_corpus__pthread_dynamic__T20	1928
17:07:40	pre:patterns_snort__enron_corpus__pthread_prefetch__T20	2161
17:07:42	post:patterns_snort__enron_corpus__pthread_prefetch__T20	2098
17:07:42	pre:patterns_snort__enron_corpus__pthread_chunked_flat__T20	2921
17:07:44	post:patterns_snort__enron_corpus__pthread_chunked_flat__T20	2100
17:07:44	pre:patterns_snort__enron_corpus__pthread_chunked_v3_flat__T20	2676
17:07:46	post:patterns_snort__enron_corpus__pthread_chunked_v3_flat__T20	2397
17:07:46	pre:patterns_snort__enron_corpus__pthread_2d_sharded_chunked__T20	3107
17:07:49	post:patterns_snort__enron_corpus__pthread_2d_sharded_chunked__T20	2254
17:07:49	pre:patterns_snort__enron_corpus__pattern_sharded_prefix__T20	2696
17:08:05	post:patterns_snort__enron_corpus__pattern_sharded_prefix__T20	1720
17:08:05	pre:patterns_snort__enron_corpus__pthread_chunked__T22	2313
17:08:07	post:patterns_snort__enron_corpus__pthread_chunked__T22	2788
17:08:07	pre:patterns_snort__enron_corpus__pthread_chunked_v2__T22	3135
17:08:09	post:patterns_snort__enron_corpus__pthread_chunked_v2__T22	2386
17:08:09	pre:patterns_snort__enron_corpus__pthread_chunked_v3__T22	2466
17:08:10	post:patterns_snort__enron_corpus__pthread_chunked_v3__T22	3261
17:08:10	pre:patterns_snort__enron_corpus__pthread_dynamic__T22	3336
17:08:12	post:patterns_snort__enron_corpus__pthread_dynamic__T22	2690
17:08:12	pre:patterns_snort__enron_corpus__pthread_prefetch__T22	3007
17:08:14	post:patterns_snort__enron_corpus__pthread_prefetch__T22	2751
17:08:14	pre:patterns_snort__enron_corpus__pthread_chunked_flat__T22	3092
17:08:16	post:patterns_snort__enron_corpus__pthread_chunked_flat__T22	2720
17:08:16	pre:patterns_snort__enron_corpus__pthread_chunked_v3_flat__T22	3053
17:08:18	post:patterns_snort__enron_corpus__pthread_chunked_v3_flat__T22	3128
17:08:18	pre:patterns_snort__enron_corpus__pthread_2d_sharded_chunked__T22	3769
17:08:20	post:patterns_snort__enron_corpus__pthread_2d_sharded_chunked__T22	2404
17:08:20	pre:patterns_snort__enron_corpus__pattern_sharded_prefix__T22	3302
17:08:36	post:patterns_snort__enron_corpus__pattern_sharded_prefix__T22	1746
17:08:36	pre:patterns_snort__enron_corpus__pthread_chunked__T24	2323
17:08:38	post:patterns_snort__enron_corpus__pthread_chunked__T24	2975
17:08:38	pre:patterns_snort__enron_corpus__pthread_chunked_v2__T24	3260
17:08:40	post:patterns_snort__enron_corpus__pthread_chunked_v2__T24	2697
17:08:40	pre:patterns_snort__enron_corpus__pthread_chunked_v3__T24	3177
17:08:42	post:patterns_snort__enron_corpus__pthread_chunked_v3__T24	3287
17:08:42	pre:patterns_snort__enron_corpus__pthread_dynamic__T24	3741
17:08:44	post:patterns_snort__enron_corpus__pthread_dynamic__T24	3050
17:08:44	pre:patterns_snort__enron_corpus__pthread_prefetch__T24	3512
17:08:45	post:patterns_snort__enron_corpus__pthread_prefetch__T24	1808
17:08:45	pre:patterns_snort__enron_corpus__pthread_chunked_flat__T24	2334
17:08:47	post:patterns_snort__enron_corpus__pthread_chunked_flat__T24	2110
17:08:47	pre:patterns_snort__enron_corpus__pthread_chunked_v3_flat__T24	2656
17:08:49	post:patterns_snort__enron_corpus__pthread_chunked_v3_flat__T24	3164
17:08:49	pre:patterns_snort__enron_corpus__pthread_2d_sharded_chunked__T24	3619
17:08:51	post:patterns_snort__enron_corpus__pthread_2d_sharded_chunked__T24	2557
17:08:51	pre:patterns_snort__enron_corpus__pattern_sharded_prefix__T24	2961
17:09:07	post:patterns_snort__enron_corpus__pattern_sharded_prefix__T24	1785
17:09:07	pre:patterns_snort__enron_corpus__pthread_chunked__T26	2418
17:09:09	post:patterns_snort__enron_corpus__pthread_chunked__T26	3019
17:09:09	pre:patterns_snort__enron_corpus__pthread_chunked_v2__T26	3149
17:09:11	post:patterns_snort__enron_corpus__pthread_chunked_v2__T26	2993
17:09:11	pre:patterns_snort__enron_corpus__pthread_chunked_v3__T26	3265
17:09:12	post:patterns_snort__enron_corpus__pthread_chunked_v3__T26	4140
17:09:12	pre:patterns_snort__enron_corpus__pthread_dynamic__T26	4406
17:09:14	post:patterns_snort__enron_corpus__pthread_dynamic__T26	3300
17:09:14	pre:patterns_snort__enron_corpus__pthread_prefetch__T26	3428
17:09:16	post:patterns_snort__enron_corpus__pthread_prefetch__T26	3379
17:09:16	pre:patterns_snort__enron_corpus__pthread_chunked_flat__T26	3881
17:09:17	post:patterns_snort__enron_corpus__pthread_chunked_flat__T26	3213
17:09:17	pre:patterns_snort__enron_corpus__pthread_chunked_v3_flat__T26	3516
17:09:19	post:patterns_snort__enron_corpus__pthread_chunked_v3_flat__T26	3852
17:09:19	pre:patterns_snort__enron_corpus__pthread_2d_sharded_chunked__T26	4376
17:09:21	post:patterns_snort__enron_corpus__pthread_2d_sharded_chunked__T26	3350
17:09:21	pre:patterns_snort__enron_corpus__pattern_sharded_prefix__T26	3466
17:09:37	post:patterns_snort__enron_corpus__pattern_sharded_prefix__T26	2174
17:09:37	pre:patterns_snort__enron_corpus__pthread_chunked__T28	2424
17:09:39	post:patterns_snort__enron_corpus__pthread_chunked__T28	3045
17:09:39	pre:patterns_snort__enron_corpus__pthread_chunked_v2__T28	3117
17:09:40	post:patterns_snort__enron_corpus__pthread_chunked_v2__T28	4203
17:09:40	pre:patterns_snort__enron_corpus__pthread_chunked_v3__T28	4373
17:09:42	post:patterns_snort__enron_corpus__pthread_chunked_v3__T28	4384
17:09:42	pre:patterns_snort__enron_corpus__pthread_dynamic__T28	4590
17:09:44	post:patterns_snort__enron_corpus__pthread_dynamic__T28	4109
17:09:44	pre:patterns_snort__enron_corpus__pthread_prefetch__T28	3740
17:09:45	post:patterns_snort__enron_corpus__pthread_prefetch__T28	3723
17:09:45	pre:patterns_snort__enron_corpus__pthread_chunked_flat__T28	4183
17:09:47	post:patterns_snort__enron_corpus__pthread_chunked_flat__T28	3276
17:09:47	pre:patterns_snort__enron_corpus__pthread_chunked_v3_flat__T28	3374
17:09:48	post:patterns_snort__enron_corpus__pthread_chunked_v3_flat__T28	4155
17:09:48	pre:patterns_snort__enron_corpus__pthread_2d_sharded_chunked__T28	4292
17:09:50	post:patterns_snort__enron_corpus__pthread_2d_sharded_chunked__T28	3071
17:09:50	pre:patterns_snort__enron_corpus__pattern_sharded_prefix__T28	3257
17:10:07	post:patterns_snort__enron_corpus__pattern_sharded_prefix__T28	1460
17:10:07	pre:patterns_snort__enron_corpus__pthread_chunked__T30	1925
17:10:08	post:patterns_snort__enron_corpus__pthread_chunked__T30	4334
17:10:08	pre:patterns_snort__enron_corpus__pthread_chunked_v2__T30	3318
17:10:10	post:patterns_snort__enron_corpus__pthread_chunked_v2__T30	3920
17:10:10	pre:patterns_snort__enron_corpus__pthread_chunked_v3__T30	4365
17:10:11	post:patterns_snort__enron_corpus__pthread_chunked_v3__T30	4134
17:10:11	pre:patterns_snort__enron_corpus__pthread_dynamic__T30	4294
17:10:13	post:patterns_snort__enron_corpus__pthread_dynamic__T30	2490
17:10:13	pre:patterns_snort__enron_corpus__pthread_prefetch__T30	3076
17:10:14	post:patterns_snort__enron_corpus__pthread_prefetch__T30	4376
17:10:14	pre:patterns_snort__enron_corpus__pthread_chunked_flat__T30	3700
17:10:16	post:patterns_snort__enron_corpus__pthread_chunked_flat__T30	3507
17:10:16	pre:patterns_snort__enron_corpus__pthread_chunked_v3_flat__T30	3644
17:10:17	post:patterns_snort__enron_corpus__pthread_chunked_v3_flat__T30	4838
17:10:17	pre:patterns_snort__enron_corpus__pthread_2d_sharded_chunked__T30	4970
17:10:19	post:patterns_snort__enron_corpus__pthread_2d_sharded_chunked__T30	3209
17:10:19	pre:patterns_snort__enron_corpus__pattern_sharded_prefix__T30	3592
17:10:36	post:patterns_snort__enron_corpus__pattern_sharded_prefix__T30	1517
17:10:36	pre:patterns_snort__enron_corpus__pthread_chunked__T32	2030
17:10:37	post:patterns_snort__enron_corpus__pthread_chunked__T32	4429
17:10:37	pre:patterns_snort__enron_corpus__pthread_chunked_v2__T32	3211
17:10:38	post:patterns_snort__enron_corpus__pthread_chunked_v2__T32	4761
17:10:38	pre:patterns_snort__enron_corpus__pthread_chunked_v3__T32	3939
17:10:40	post:patterns_snort__enron_corpus__pthread_chunked_v3__T32	5068
17:10:40	pre:patterns_snort__enron_corpus__pthread_dynamic__T32	3979
17:10:41	post:patterns_snort__enron_corpus__pthread_dynamic__T32	2019
17:10:41	pre:patterns_snort__enron_corpus__pthread_prefetch__T32	2346
17:10:43	post:patterns_snort__enron_corpus__pthread_prefetch__T32	3862
17:10:43	pre:patterns_snort__enron_corpus__pthread_chunked_flat__T32	3417
17:10:44	post:patterns_snort__enron_corpus__pthread_chunked_flat__T32	3644
17:10:44	pre:patterns_snort__enron_corpus__pthread_chunked_v3_flat__T32	3240
17:10:46	post:patterns_snort__enron_corpus__pthread_chunked_v3_flat__T32	5173
17:10:46	pre:patterns_snort__enron_corpus__pthread_2d_sharded_chunked__T32	4655
17:10:47	post:patterns_snort__enron_corpus__pthread_2d_sharded_chunked__T32	3793
17:10:47	pre:patterns_snort__enron_corpus__pattern_sharded_prefix__T32	3952
17:11:04	post:patterns_snort__enron_corpus__pattern_sharded_prefix__T32	1928
17:11:04	pre:patterns_et_32__enron_corpus__sequential__T0	2376
17:11:50	post:patterns_et_32__enron_corpus__sequential__T0	1785
17:11:50	pre:patterns_et_32__enron_corpus__sequential_flat__T0	2537
17:12:32	post:patterns_et_32__enron_corpus__sequential_flat__T0	1803
17:12:32	pre:patterns_et_32__enron_corpus__pthread_chunked__T1	2138
17:13:18	post:patterns_et_32__enron_corpus__pthread_chunked__T1	1567
17:13:18	pre:patterns_et_32__enron_corpus__pthread_chunked_v2__T1	2300
17:14:04	post:patterns_et_32__enron_corpus__pthread_chunked_v2__T1	1492
17:14:04	pre:patterns_et_32__enron_corpus__pthread_chunked_v3__T1	1863
17:14:50	post:patterns_et_32__enron_corpus__pthread_chunked_v3__T1	1658
17:14:50	pre:patterns_et_32__enron_corpus__pthread_dynamic__T1	2616
17:15:35	post:patterns_et_32__enron_corpus__pthread_dynamic__T1	1730
17:15:35	pre:patterns_et_32__enron_corpus__pthread_prefetch__T1	2285
17:16:20	post:patterns_et_32__enron_corpus__pthread_prefetch__T1	1517
17:16:20	pre:patterns_et_32__enron_corpus__pthread_chunked_flat__T1	2314
17:17:02	post:patterns_et_32__enron_corpus__pthread_chunked_flat__T1	1724
17:17:02	pre:patterns_et_32__enron_corpus__pthread_chunked_v3_flat__T1	2033
17:17:45	post:patterns_et_32__enron_corpus__pthread_chunked_v3_flat__T1	1678
17:17:45	pre:patterns_et_32__enron_corpus__pthread_2d_sharded_chunked__T1	2293
17:18:28	post:patterns_et_32__enron_corpus__pthread_2d_sharded_chunked__T1	1585
17:18:28	pre:patterns_et_32__enron_corpus__pattern_sharded_prefix__T1	2164
17:19:11	post:patterns_et_32__enron_corpus__pattern_sharded_prefix__T1	1628
17:19:11	pre:patterns_et_32__enron_corpus__pthread_chunked__T2	2346
17:19:35	post:patterns_et_32__enron_corpus__pthread_chunked__T2	1631
17:19:35	pre:patterns_et_32__enron_corpus__pthread_chunked_v2__T2	1872
17:19:59	post:patterns_et_32__enron_corpus__pthread_chunked_v2__T2	1916
17:19:59	pre:patterns_et_32__enron_corpus__pthread_chunked_v3__T2	2391
17:20:24	post:patterns_et_32__enron_corpus__pthread_chunked_v3__T2	1448
17:20:24	pre:patterns_et_32__enron_corpus__pthread_dynamic__T2	2161
17:20:48	post:patterns_et_32__enron_corpus__pthread_dynamic__T2	1730
17:20:48	pre:patterns_et_32__enron_corpus__pthread_prefetch__T2	2161
17:21:12	post:patterns_et_32__enron_corpus__pthread_prefetch__T2	1522
17:21:12	pre:patterns_et_32__enron_corpus__pthread_chunked_flat__T2	2249
17:21:35	post:patterns_et_32__enron_corpus__pthread_chunked_flat__T2	1393
17:21:35	pre:patterns_et_32__enron_corpus__pthread_chunked_v3_flat__T2	2122
17:21:58	post:patterns_et_32__enron_corpus__pthread_chunked_v3_flat__T2	1623
17:21:58	pre:patterns_et_32__enron_corpus__pthread_2d_sharded_chunked__T2	2287
17:22:28	post:patterns_et_32__enron_corpus__pthread_2d_sharded_chunked__T2	1972
17:22:28	pre:patterns_et_32__enron_corpus__pattern_sharded_prefix__T2	2631
17:22:57	post:patterns_et_32__enron_corpus__pattern_sharded_prefix__T2	1475
17:22:57	pre:patterns_et_32__enron_corpus__pthread_chunked__T4	2554
17:23:10	post:patterns_et_32__enron_corpus__pthread_chunked__T4	1802
17:23:10	pre:patterns_et_32__enron_corpus__pthread_chunked_v2__T4	2267
17:23:23	post:patterns_et_32__enron_corpus__pthread_chunked_v2__T4	1831
17:23:23	pre:patterns_et_32__enron_corpus__pthread_chunked_v3__T4	2203
17:23:36	post:patterns_et_32__enron_corpus__pthread_chunked_v3__T4	1874
17:23:36	pre:patterns_et_32__enron_corpus__pthread_dynamic__T4	2413
17:23:49	post:patterns_et_32__enron_corpus__pthread_dynamic__T4	1849
17:23:49	pre:patterns_et_32__enron_corpus__pthread_prefetch__T4	2828
17:24:02	post:patterns_et_32__enron_corpus__pthread_prefetch__T4	1404
17:24:02	pre:patterns_et_32__enron_corpus__pthread_chunked_flat__T4	2351
17:24:15	post:patterns_et_32__enron_corpus__pthread_chunked_flat__T4	1420
17:24:15	pre:patterns_et_32__enron_corpus__pthread_chunked_v3_flat__T4	2375
17:24:27	post:patterns_et_32__enron_corpus__pthread_chunked_v3_flat__T4	1662
17:24:27	pre:patterns_et_32__enron_corpus__pthread_2d_sharded_chunked__T4	2044
17:24:43	post:patterns_et_32__enron_corpus__pthread_2d_sharded_chunked__T4	1706
17:24:43	pre:patterns_et_32__enron_corpus__pattern_sharded_prefix__T4	2505
17:25:05	post:patterns_et_32__enron_corpus__pattern_sharded_prefix__T4	1788
17:25:05	pre:patterns_et_32__enron_corpus__pthread_chunked__T6	2532
17:25:14	post:patterns_et_32__enron_corpus__pthread_chunked__T6	1570
17:25:14	pre:patterns_et_32__enron_corpus__pthread_chunked_v2__T6	2175
17:25:23	post:patterns_et_32__enron_corpus__pthread_chunked_v2__T6	1724
17:25:23	pre:patterns_et_32__enron_corpus__pthread_chunked_v3__T6	2365
17:25:33	post:patterns_et_32__enron_corpus__pthread_chunked_v3__T6	1837
17:25:33	pre:patterns_et_32__enron_corpus__pthread_dynamic__T6	2232
17:25:42	post:patterns_et_32__enron_corpus__pthread_dynamic__T6	1584
17:25:42	pre:patterns_et_32__enron_corpus__pthread_prefetch__T6	2230
17:25:51	post:patterns_et_32__enron_corpus__pthread_prefetch__T6	1847
17:25:51	pre:patterns_et_32__enron_corpus__pthread_chunked_flat__T6	2397
17:25:59	post:patterns_et_32__enron_corpus__pthread_chunked_flat__T6	1556
17:25:59	pre:patterns_et_32__enron_corpus__pthread_chunked_v3_flat__T6	2439
17:26:08	post:patterns_et_32__enron_corpus__pthread_chunked_v3_flat__T6	1627
17:26:08	pre:patterns_et_32__enron_corpus__pthread_2d_sharded_chunked__T6	2209
17:26:19	post:patterns_et_32__enron_corpus__pthread_2d_sharded_chunked__T6	1513
17:26:19	pre:patterns_et_32__enron_corpus__pattern_sharded_prefix__T6	2349
17:26:40	post:patterns_et_32__enron_corpus__pattern_sharded_prefix__T6	1668
17:26:40	pre:patterns_et_32__enron_corpus__pthread_chunked__T8	2271
17:26:47	post:patterns_et_32__enron_corpus__pthread_chunked__T8	1411
17:26:47	pre:patterns_et_32__enron_corpus__pthread_chunked_v2__T8	1740
17:26:55	post:patterns_et_32__enron_corpus__pthread_chunked_v2__T8	1574
17:26:55	pre:patterns_et_32__enron_corpus__pthread_chunked_v3__T8	2317
17:27:02	post:patterns_et_32__enron_corpus__pthread_chunked_v3__T8	1375
17:27:02	pre:patterns_et_32__enron_corpus__pthread_dynamic__T8	1963
17:27:09	post:patterns_et_32__enron_corpus__pthread_dynamic__T8	1875
17:27:09	pre:patterns_et_32__enron_corpus__pthread_prefetch__T8	2865
17:27:17	post:patterns_et_32__enron_corpus__pthread_prefetch__T8	1826
17:27:17	pre:patterns_et_32__enron_corpus__pthread_chunked_flat__T8	2419
17:27:23	post:patterns_et_32__enron_corpus__pthread_chunked_flat__T8	1575
17:27:23	pre:patterns_et_32__enron_corpus__pthread_chunked_v3_flat__T8	2054
17:27:30	post:patterns_et_32__enron_corpus__pthread_chunked_v3_flat__T8	1329
17:27:30	pre:patterns_et_32__enron_corpus__pthread_2d_sharded_chunked__T8	2186
17:27:39	post:patterns_et_32__enron_corpus__pthread_2d_sharded_chunked__T8	1585
17:27:39	pre:patterns_et_32__enron_corpus__pattern_sharded_prefix__T8	1894
17:27:58	post:patterns_et_32__enron_corpus__pattern_sharded_prefix__T8	1623
17:27:58	pre:patterns_et_32__enron_corpus__pthread_chunked__T10	2323
17:28:04	post:patterns_et_32__enron_corpus__pthread_chunked__T10	1608
17:28:04	pre:patterns_et_32__enron_corpus__pthread_chunked_v2__T10	2085
17:28:10	post:patterns_et_32__enron_corpus__pthread_chunked_v2__T10	2002
17:28:10	pre:patterns_et_32__enron_corpus__pthread_chunked_v3__T10	2609
17:28:16	post:patterns_et_32__enron_corpus__pthread_chunked_v3__T10	1588
17:28:16	pre:patterns_et_32__enron_corpus__pthread_dynamic__T10	2143
17:28:22	post:patterns_et_32__enron_corpus__pthread_dynamic__T10	1511
17:28:22	pre:patterns_et_32__enron_corpus__pthread_prefetch__T10	2407
17:28:28	post:patterns_et_32__enron_corpus__pthread_prefetch__T10	1762
17:28:28	pre:patterns_et_32__enron_corpus__pthread_chunked_flat__T10	2705
17:28:34	post:patterns_et_32__enron_corpus__pthread_chunked_flat__T10	1929
17:28:34	pre:patterns_et_32__enron_corpus__pthread_chunked_v3_flat__T10	2305
17:28:40	post:patterns_et_32__enron_corpus__pthread_chunked_v3_flat__T10	1589
17:28:40	pre:patterns_et_32__enron_corpus__pthread_2d_sharded_chunked__T10	2263
17:28:47	post:patterns_et_32__enron_corpus__pthread_2d_sharded_chunked__T10	1565
17:28:47	pre:patterns_et_32__enron_corpus__pattern_sharded_prefix__T10	2318
17:29:05	post:patterns_et_32__enron_corpus__pattern_sharded_prefix__T10	1602
17:29:05	pre:patterns_et_32__enron_corpus__pthread_chunked__T12	2361
17:29:11	post:patterns_et_32__enron_corpus__pthread_chunked__T12	1758
17:29:11	pre:patterns_et_32__enron_corpus__pthread_chunked_v2__T12	2248
17:29:16	post:patterns_et_32__enron_corpus__pthread_chunked_v2__T12	1611
17:29:16	pre:patterns_et_32__enron_corpus__pthread_chunked_v3__T12	2726
17:29:21	post:patterns_et_32__enron_corpus__pthread_chunked_v3__T12	1427
17:29:21	pre:patterns_et_32__enron_corpus__pthread_dynamic__T12	2548
17:29:26	post:patterns_et_32__enron_corpus__pthread_dynamic__T12	1633
17:29:26	pre:patterns_et_32__enron_corpus__pthread_prefetch__T12	2127
17:29:32	post:patterns_et_32__enron_corpus__pthread_prefetch__T12	2011
17:29:32	pre:patterns_et_32__enron_corpus__pthread_chunked_flat__T12	2398
17:29:37	post:patterns_et_32__enron_corpus__pthread_chunked_flat__T12	1948
17:29:37	pre:patterns_et_32__enron_corpus__pthread_chunked_v3_flat__T12	2506
17:29:42	post:patterns_et_32__enron_corpus__pthread_chunked_v3_flat__T12	1677
17:29:42	pre:patterns_et_32__enron_corpus__pthread_2d_sharded_chunked__T12	2152
17:29:48	post:patterns_et_32__enron_corpus__pthread_2d_sharded_chunked__T12	1833
17:29:48	pre:patterns_et_32__enron_corpus__pattern_sharded_prefix__T12	2608
17:30:08	post:patterns_et_32__enron_corpus__pattern_sharded_prefix__T12	1633
17:30:08	pre:patterns_et_32__enron_corpus__pthread_chunked__T14	2032
17:30:13	post:patterns_et_32__enron_corpus__pthread_chunked__T14	1748
17:30:13	pre:patterns_et_32__enron_corpus__pthread_chunked_v2__T14	2313
17:30:17	post:patterns_et_32__enron_corpus__pthread_chunked_v2__T14	1736
17:30:17	pre:patterns_et_32__enron_corpus__pthread_chunked_v3__T14	2388
17:30:22	post:patterns_et_32__enron_corpus__pthread_chunked_v3__T14	1721
17:30:22	pre:patterns_et_32__enron_corpus__pthread_dynamic__T14	1957
17:30:27	post:patterns_et_32__enron_corpus__pthread_dynamic__T14	1769
17:30:27	pre:patterns_et_32__enron_corpus__pthread_prefetch__T14	2313
17:30:32	post:patterns_et_32__enron_corpus__pthread_prefetch__T14	1720
17:30:32	pre:patterns_et_32__enron_corpus__pthread_chunked_flat__T14	2638
17:30:36	post:patterns_et_32__enron_corpus__pthread_chunked_flat__T14	1726
17:30:36	pre:patterns_et_32__enron_corpus__pthread_chunked_v3_flat__T14	2045
17:30:41	post:patterns_et_32__enron_corpus__pthread_chunked_v3_flat__T14	1610
17:30:41	pre:patterns_et_32__enron_corpus__pthread_2d_sharded_chunked__T14	2137
17:30:46	post:patterns_et_32__enron_corpus__pthread_2d_sharded_chunked__T14	1699
17:30:46	pre:patterns_et_32__enron_corpus__pattern_sharded_prefix__T14	2593
17:31:06	post:patterns_et_32__enron_corpus__pattern_sharded_prefix__T14	1668
17:31:06	pre:patterns_et_32__enron_corpus__pthread_chunked__T16	1996
17:31:11	post:patterns_et_32__enron_corpus__pthread_chunked__T16	1776
17:31:11	pre:patterns_et_32__enron_corpus__pthread_chunked_v2__T16	2298
17:31:15	post:patterns_et_32__enron_corpus__pthread_chunked_v2__T16	1388
17:31:15	pre:patterns_et_32__enron_corpus__pthread_chunked_v3__T16	2514
17:31:19	post:patterns_et_32__enron_corpus__pthread_chunked_v3__T16	1672
17:31:19	pre:patterns_et_32__enron_corpus__pthread_dynamic__T16	2248
17:31:24	post:patterns_et_32__enron_corpus__pthread_dynamic__T16	2043
17:31:24	pre:patterns_et_32__enron_corpus__pthread_prefetch__T16	2413
17:31:28	post:patterns_et_32__enron_corpus__pthread_prefetch__T16	1803
17:31:28	pre:patterns_et_32__enron_corpus__pthread_chunked_flat__T16	2068
17:31:32	post:patterns_et_32__enron_corpus__pthread_chunked_flat__T16	1920
17:31:32	pre:patterns_et_32__enron_corpus__pthread_chunked_v3_flat__T16	2534
17:31:36	post:patterns_et_32__enron_corpus__pthread_chunked_v3_flat__T16	1826
17:31:36	pre:patterns_et_32__enron_corpus__pthread_2d_sharded_chunked__T16	2155
17:31:41	post:patterns_et_32__enron_corpus__pthread_2d_sharded_chunked__T16	1652
17:31:41	pre:patterns_et_32__enron_corpus__pattern_sharded_prefix__T16	1899
17:32:00	post:patterns_et_32__enron_corpus__pattern_sharded_prefix__T16	1370
17:32:00	pre:patterns_et_32__enron_corpus__pthread_chunked__T18	2015
17:32:04	post:patterns_et_32__enron_corpus__pthread_chunked__T18	1627
17:32:04	pre:patterns_et_32__enron_corpus__pthread_chunked_v2__T18	2703
17:32:08	post:patterns_et_32__enron_corpus__pthread_chunked_v2__T18	1494
17:32:08	pre:patterns_et_32__enron_corpus__pthread_chunked_v3__T18	2263
17:32:13	post:patterns_et_32__enron_corpus__pthread_chunked_v3__T18	1564
17:32:13	pre:patterns_et_32__enron_corpus__pthread_dynamic__T18	2420
17:32:17	post:patterns_et_32__enron_corpus__pthread_dynamic__T18	1772
17:32:17	pre:patterns_et_32__enron_corpus__pthread_prefetch__T18	2163
17:32:21	post:patterns_et_32__enron_corpus__pthread_prefetch__T18	1678
17:32:21	pre:patterns_et_32__enron_corpus__pthread_chunked_flat__T18	2501
17:32:25	post:patterns_et_32__enron_corpus__pthread_chunked_flat__T18	1891
17:32:25	pre:patterns_et_32__enron_corpus__pthread_chunked_v3_flat__T18	2166
17:32:29	post:patterns_et_32__enron_corpus__pthread_chunked_v3_flat__T18	1688
17:32:29	pre:patterns_et_32__enron_corpus__pthread_2d_sharded_chunked__T18	2616
17:32:35	post:patterns_et_32__enron_corpus__pthread_2d_sharded_chunked__T18	1660
17:32:35	pre:patterns_et_32__enron_corpus__pattern_sharded_prefix__T18	2371
17:32:53	post:patterns_et_32__enron_corpus__pattern_sharded_prefix__T18	1818
17:32:53	pre:patterns_et_32__enron_corpus__pthread_chunked__T20	2164
17:32:57	post:patterns_et_32__enron_corpus__pthread_chunked__T20	1947
17:32:57	pre:patterns_et_32__enron_corpus__pthread_chunked_v2__T20	3031
17:33:01	post:patterns_et_32__enron_corpus__pthread_chunked_v2__T20	1670
17:33:01	pre:patterns_et_32__enron_corpus__pthread_chunked_v3__T20	2302
17:33:05	post:patterns_et_32__enron_corpus__pthread_chunked_v3__T20	1704
17:33:05	pre:patterns_et_32__enron_corpus__pthread_dynamic__T20	2221
17:33:09	post:patterns_et_32__enron_corpus__pthread_dynamic__T20	1660
17:33:09	pre:patterns_et_32__enron_corpus__pthread_prefetch__T20	2080
17:33:13	post:patterns_et_32__enron_corpus__pthread_prefetch__T20	1761
17:33:13	pre:patterns_et_32__enron_corpus__pthread_chunked_flat__T20	2519
17:33:17	post:patterns_et_32__enron_corpus__pthread_chunked_flat__T20	1791
17:33:17	pre:patterns_et_32__enron_corpus__pthread_chunked_v3_flat__T20	2116
17:33:21	post:patterns_et_32__enron_corpus__pthread_chunked_v3_flat__T20	1663
17:33:21	pre:patterns_et_32__enron_corpus__pthread_2d_sharded_chunked__T20	2390
17:33:26	post:patterns_et_32__enron_corpus__pthread_2d_sharded_chunked__T20	1524
17:33:26	pre:patterns_et_32__enron_corpus__pattern_sharded_prefix__T20	2621
17:33:44	post:patterns_et_32__enron_corpus__pattern_sharded_prefix__T20	1703
17:33:44	pre:patterns_et_32__enron_corpus__pthread_chunked__T22	2541
17:33:48	post:patterns_et_32__enron_corpus__pthread_chunked__T22	2010
17:33:48	pre:patterns_et_32__enron_corpus__pthread_chunked_v2__T22	2449
17:33:52	post:patterns_et_32__enron_corpus__pthread_chunked_v2__T22	1916
17:33:52	pre:patterns_et_32__enron_corpus__pthread_chunked_v3__T22	2961
17:33:56	post:patterns_et_32__enron_corpus__pthread_chunked_v3__T22	1682
17:33:56	pre:patterns_et_32__enron_corpus__pthread_dynamic__T22	2270
17:34:00	post:patterns_et_32__enron_corpus__pthread_dynamic__T22	2024
17:34:00	pre:patterns_et_32__enron_corpus__pthread_prefetch__T22	2489
17:34:03	post:patterns_et_32__enron_corpus__pthread_prefetch__T22	1874
17:34:03	pre:patterns_et_32__enron_corpus__pthread_chunked_flat__T22	2575
17:34:07	post:patterns_et_32__enron_corpus__pthread_chunked_flat__T22	1621
17:34:07	pre:patterns_et_32__enron_corpus__pthread_chunked_v3_flat__T22	2578
17:34:11	post:patterns_et_32__enron_corpus__pthread_chunked_v3_flat__T22	1530
17:34:11	pre:patterns_et_32__enron_corpus__pthread_2d_sharded_chunked__T22	2152
17:34:15	post:patterns_et_32__enron_corpus__pthread_2d_sharded_chunked__T22	1825
17:34:15	pre:patterns_et_32__enron_corpus__pattern_sharded_prefix__T22	2098
17:34:34	post:patterns_et_32__enron_corpus__pattern_sharded_prefix__T22	1599
17:34:34	pre:patterns_et_32__enron_corpus__pthread_chunked__T24	2620
17:34:37	post:patterns_et_32__enron_corpus__pthread_chunked__T24	1866
17:34:37	pre:patterns_et_32__enron_corpus__pthread_chunked_v2__T24	2115
17:34:41	post:patterns_et_32__enron_corpus__pthread_chunked_v2__T24	1628
17:34:41	pre:patterns_et_32__enron_corpus__pthread_chunked_v3__T24	2086
17:34:45	post:patterns_et_32__enron_corpus__pthread_chunked_v3__T24	1637
17:34:45	pre:patterns_et_32__enron_corpus__pthread_dynamic__T24	2503
17:34:48	post:patterns_et_32__enron_corpus__pthread_dynamic__T24	1849
17:34:48	pre:patterns_et_32__enron_corpus__pthread_prefetch__T24	2640
17:34:52	post:patterns_et_32__enron_corpus__pthread_prefetch__T24	1774
17:34:52	pre:patterns_et_32__enron_corpus__pthread_chunked_flat__T24	2415
17:34:56	post:patterns_et_32__enron_corpus__pthread_chunked_flat__T24	1560
17:34:56	pre:patterns_et_32__enron_corpus__pthread_chunked_v3_flat__T24	2359
17:34:59	post:patterns_et_32__enron_corpus__pthread_chunked_v3_flat__T24	1771
17:34:59	pre:patterns_et_32__enron_corpus__pthread_2d_sharded_chunked__T24	2165
17:35:04	post:patterns_et_32__enron_corpus__pthread_2d_sharded_chunked__T24	1813
17:35:04	pre:patterns_et_32__enron_corpus__pattern_sharded_prefix__T24	2460
17:35:22	post:patterns_et_32__enron_corpus__pattern_sharded_prefix__T24	1875
17:35:22	pre:patterns_et_32__enron_corpus__pthread_chunked__T26	2388
17:35:25	post:patterns_et_32__enron_corpus__pthread_chunked__T26	1808
17:35:25	pre:patterns_et_32__enron_corpus__pthread_chunked_v2__T26	2359
17:35:29	post:patterns_et_32__enron_corpus__pthread_chunked_v2__T26	1800
17:35:29	pre:patterns_et_32__enron_corpus__pthread_chunked_v3__T26	2563
17:35:32	post:patterns_et_32__enron_corpus__pthread_chunked_v3__T26	1782
17:35:32	pre:patterns_et_32__enron_corpus__pthread_dynamic__T26	2180
17:35:36	post:patterns_et_32__enron_corpus__pthread_dynamic__T26	1936
17:35:36	pre:patterns_et_32__enron_corpus__pthread_prefetch__T26	2239
17:35:39	post:patterns_et_32__enron_corpus__pthread_prefetch__T26	1782
17:35:39	pre:patterns_et_32__enron_corpus__pthread_chunked_flat__T26	2311
17:35:43	post:patterns_et_32__enron_corpus__pthread_chunked_flat__T26	1764
17:35:43	pre:patterns_et_32__enron_corpus__pthread_chunked_v3_flat__T26	2217
17:35:46	post:patterns_et_32__enron_corpus__pthread_chunked_v3_flat__T26	1958
17:35:46	pre:patterns_et_32__enron_corpus__pthread_2d_sharded_chunked__T26	2132
17:35:50	post:patterns_et_32__enron_corpus__pthread_2d_sharded_chunked__T26	1573
17:35:50	pre:patterns_et_32__enron_corpus__pattern_sharded_prefix__T26	2637
17:36:09	post:patterns_et_32__enron_corpus__pattern_sharded_prefix__T26	1682
17:36:09	pre:patterns_et_32__enron_corpus__pthread_chunked__T28	2468
17:36:13	post:patterns_et_32__enron_corpus__pthread_chunked__T28	1971
17:36:13	pre:patterns_et_32__enron_corpus__pthread_chunked_v2__T28	2261
17:36:16	post:patterns_et_32__enron_corpus__pthread_chunked_v2__T28	1575
17:36:16	pre:patterns_et_32__enron_corpus__pthread_chunked_v3__T28	2164
17:36:19	post:patterns_et_32__enron_corpus__pthread_chunked_v3__T28	1768
17:36:19	pre:patterns_et_32__enron_corpus__pthread_dynamic__T28	2225
17:36:23	post:patterns_et_32__enron_corpus__pthread_dynamic__T28	1684
17:36:23	pre:patterns_et_32__enron_corpus__pthread_prefetch__T28	2312
17:36:26	post:patterns_et_32__enron_corpus__pthread_prefetch__T28	1645
17:36:26	pre:patterns_et_32__enron_corpus__pthread_chunked_flat__T28	2290
17:36:29	post:patterns_et_32__enron_corpus__pthread_chunked_flat__T28	1737
17:36:29	pre:patterns_et_32__enron_corpus__pthread_chunked_v3_flat__T28	2089
17:36:32	post:patterns_et_32__enron_corpus__pthread_chunked_v3_flat__T28	1619
17:36:32	pre:patterns_et_32__enron_corpus__pthread_2d_sharded_chunked__T28	2724
17:36:36	post:patterns_et_32__enron_corpus__pthread_2d_sharded_chunked__T28	1729
17:36:36	pre:patterns_et_32__enron_corpus__pattern_sharded_prefix__T28	2410
17:36:56	post:patterns_et_32__enron_corpus__pattern_sharded_prefix__T28	1662
17:36:56	pre:patterns_et_32__enron_corpus__pthread_chunked__T30	1948
17:36:59	post:patterns_et_32__enron_corpus__pthread_chunked__T30	1806
17:36:59	pre:patterns_et_32__enron_corpus__pthread_chunked_v2__T30	2443
17:37:02	post:patterns_et_32__enron_corpus__pthread_chunked_v2__T30	1591
17:37:02	pre:patterns_et_32__enron_corpus__pthread_chunked_v3__T30	2619
17:37:05	post:patterns_et_32__enron_corpus__pthread_chunked_v3__T30	1551
17:37:05	pre:patterns_et_32__enron_corpus__pthread_dynamic__T30	2228
17:37:08	post:patterns_et_32__enron_corpus__pthread_dynamic__T30	1739
17:37:08	pre:patterns_et_32__enron_corpus__pthread_prefetch__T30	2170
17:37:12	post:patterns_et_32__enron_corpus__pthread_prefetch__T30	1722
17:37:12	pre:patterns_et_32__enron_corpus__pthread_chunked_flat__T30	2573
17:37:15	post:patterns_et_32__enron_corpus__pthread_chunked_flat__T30	1828
17:37:15	pre:patterns_et_32__enron_corpus__pthread_chunked_v3_flat__T30	2681
17:37:18	post:patterns_et_32__enron_corpus__pthread_chunked_v3_flat__T30	1756
17:37:18	pre:patterns_et_32__enron_corpus__pthread_2d_sharded_chunked__T30	2685
17:37:22	post:patterns_et_32__enron_corpus__pthread_2d_sharded_chunked__T30	1721
17:37:22	pre:patterns_et_32__enron_corpus__pattern_sharded_prefix__T30	2222
17:37:40	post:patterns_et_32__enron_corpus__pattern_sharded_prefix__T30	1589
17:37:40	pre:patterns_et_32__enron_corpus__pthread_chunked__T32	2654
17:37:43	post:patterns_et_32__enron_corpus__pthread_chunked__T32	1779
17:37:43	pre:patterns_et_32__enron_corpus__pthread_chunked_v2__T32	2085
17:37:46	post:patterns_et_32__enron_corpus__pthread_chunked_v2__T32	1470
17:37:46	pre:patterns_et_32__enron_corpus__pthread_chunked_v3__T32	2578
17:37:49	post:patterns_et_32__enron_corpus__pthread_chunked_v3__T32	1671
17:37:49	pre:patterns_et_32__enron_corpus__pthread_dynamic__T32	2089
17:37:52	post:patterns_et_32__enron_corpus__pthread_dynamic__T32	1762
17:37:52	pre:patterns_et_32__enron_corpus__pthread_prefetch__T32	2336
17:37:56	post:patterns_et_32__enron_corpus__pthread_prefetch__T32	1477
17:37:56	pre:patterns_et_32__enron_corpus__pthread_chunked_flat__T32	1826
17:37:58	post:patterns_et_32__enron_corpus__pthread_chunked_flat__T32	1786
17:37:58	pre:patterns_et_32__enron_corpus__pthread_chunked_v3_flat__T32	2174
17:38:01	post:patterns_et_32__enron_corpus__pthread_chunked_v3_flat__T32	1786
17:38:01	pre:patterns_et_32__enron_corpus__pthread_2d_sharded_chunked__T32	2068
17:38:05	post:patterns_et_32__enron_corpus__pthread_2d_sharded_chunked__T32	1627
17:38:05	pre:patterns_et_32__enron_corpus__pattern_sharded_prefix__T32	2143
17:38:24	post:patterns_et_32__enron_corpus__pattern_sharded_prefix__T32	1893
17:38:24	pre:patterns_snort__enron_x8__sequential__T0	2510
17:42:22	post:patterns_snort__enron_x8__sequential__T0	1368
17:42:22	pre:patterns_snort__enron_x8__sequential_flat__T0	2201
17:46:04	post:patterns_snort__enron_x8__sequential_flat__T0	1562
17:46:04	pre:patterns_snort__enron_x8__pthread_chunked__T1	2515
17:49:55	post:patterns_snort__enron_x8__pthread_chunked__T1	1766
17:49:55	pre:patterns_snort__enron_x8__pthread_chunked_v2__T1	2477
17:53:46	post:patterns_snort__enron_x8__pthread_chunked_v2__T1	1687
17:53:46	pre:patterns_snort__enron_x8__pthread_chunked_v3__T1	2748
17:57:39	post:patterns_snort__enron_x8__pthread_chunked_v3__T1	1552
17:57:39	pre:patterns_snort__enron_x8__pthread_dynamic__T1	2416
18:01:30	post:patterns_snort__enron_x8__pthread_dynamic__T1	1819
18:01:30	pre:patterns_snort__enron_x8__pthread_prefetch__T1	2159
18:05:22	post:patterns_snort__enron_x8__pthread_prefetch__T1	1647
18:05:22	pre:patterns_snort__enron_x8__pthread_chunked_flat__T1	2180
18:09:04	post:patterns_snort__enron_x8__pthread_chunked_flat__T1	1535
18:09:04	pre:patterns_snort__enron_x8__pthread_chunked_v3_flat__T1	2155
18:12:46	post:patterns_snort__enron_x8__pthread_chunked_v3_flat__T1	1593
18:12:46	pre:patterns_snort__enron_x8__pthread_2d_sharded_chunked__T1	2595
18:16:28	post:patterns_snort__enron_x8__pthread_2d_sharded_chunked__T1	1718
18:16:28	pre:patterns_snort__enron_x8__pattern_sharded_prefix__T1	2661
18:20:10	post:patterns_snort__enron_x8__pattern_sharded_prefix__T1	1494
18:20:10	pre:patterns_snort__enron_x8__pthread_chunked__T4	1962
18:21:11	post:patterns_snort__enron_x8__pthread_chunked__T4	1755
18:21:11	pre:patterns_snort__enron_x8__pthread_chunked_v2__T4	2308
18:22:12	post:patterns_snort__enron_x8__pthread_chunked_v2__T4	1644
18:22:12	pre:patterns_snort__enron_x8__pthread_chunked_v3__T4	2426
18:23:12	post:patterns_snort__enron_x8__pthread_chunked_v3__T4	1691
18:23:12	pre:patterns_snort__enron_x8__pthread_dynamic__T4	2140
18:24:13	post:patterns_snort__enron_x8__pthread_dynamic__T4	1502
18:24:13	pre:patterns_snort__enron_x8__pthread_prefetch__T4	2080
18:25:14	post:patterns_snort__enron_x8__pthread_prefetch__T4	1653
18:25:14	pre:patterns_snort__enron_x8__pthread_chunked_flat__T4	2783
18:26:12	post:patterns_snort__enron_x8__pthread_chunked_flat__T4	1749
18:26:12	pre:patterns_snort__enron_x8__pthread_chunked_v3_flat__T4	2906
18:27:10	post:patterns_snort__enron_x8__pthread_chunked_v3_flat__T4	1632
18:27:10	pre:patterns_snort__enron_x8__pthread_2d_sharded_chunked__T4	1988
18:28:30	post:patterns_snort__enron_x8__pthread_2d_sharded_chunked__T4	1397
18:28:30	pre:patterns_snort__enron_x8__pattern_sharded_prefix__T4	1745
18:30:44	post:patterns_snort__enron_x8__pattern_sharded_prefix__T4	1495
18:30:44	pre:patterns_snort__enron_x8__pthread_chunked__T8	2139
18:31:16	post:patterns_snort__enron_x8__pthread_chunked__T8	1933
18:31:16	pre:patterns_snort__enron_x8__pthread_chunked_v2__T8	2164
18:31:47	post:patterns_snort__enron_x8__pthread_chunked_v2__T8	2014
18:31:47	pre:patterns_snort__enron_x8__pthread_chunked_v3__T8	2832
18:32:19	post:patterns_snort__enron_x8__pthread_chunked_v3__T8	1738
18:32:19	pre:patterns_snort__enron_x8__pthread_dynamic__T8	2578
18:32:50	post:patterns_snort__enron_x8__pthread_dynamic__T8	1830
18:32:50	pre:patterns_snort__enron_x8__pthread_prefetch__T8	2319
18:33:22	post:patterns_snort__enron_x8__pthread_prefetch__T8	1727
18:33:22	pre:patterns_snort__enron_x8__pthread_chunked_flat__T8	2121
18:33:52	post:patterns_snort__enron_x8__pthread_chunked_flat__T8	1375
18:33:52	pre:patterns_snort__enron_x8__pthread_chunked_v3_flat__T8	2172
18:34:23	post:patterns_snort__enron_x8__pthread_chunked_v3_flat__T8	1581
18:34:23	pre:patterns_snort__enron_x8__pthread_2d_sharded_chunked__T8	2166
18:35:04	post:patterns_snort__enron_x8__pthread_2d_sharded_chunked__T8	1583
18:35:04	pre:patterns_snort__enron_x8__pattern_sharded_prefix__T8	2094
18:37:07	post:patterns_snort__enron_x8__pattern_sharded_prefix__T8	1583
18:37:07	pre:patterns_snort__enron_x8__pthread_chunked__T16	2207
18:37:25	post:patterns_snort__enron_x8__pthread_chunked__T16	1701
18:37:25	pre:patterns_snort__enron_x8__pthread_chunked_v2__T16	2567
18:37:42	post:patterns_snort__enron_x8__pthread_chunked_v2__T16	1666
18:37:42	pre:patterns_snort__enron_x8__pthread_chunked_v3__T16	2042
18:38:00	post:patterns_snort__enron_x8__pthread_chunked_v3__T16	1803
18:38:00	pre:patterns_snort__enron_x8__pthread_dynamic__T16	2166
18:38:17	post:patterns_snort__enron_x8__pthread_dynamic__T16	1773
18:38:17	pre:patterns_snort__enron_x8__pthread_prefetch__T16	2327
18:38:34	post:patterns_snort__enron_x8__pthread_prefetch__T16	1395
18:38:34	pre:patterns_snort__enron_x8__pthread_chunked_flat__T16	1970
18:38:51	post:patterns_snort__enron_x8__pthread_chunked_flat__T16	1668
18:38:51	pre:patterns_snort__enron_x8__pthread_chunked_v3_flat__T16	2007
18:39:08	post:patterns_snort__enron_x8__pthread_chunked_v3_flat__T16	1613
18:39:08	pre:patterns_snort__enron_x8__pthread_2d_sharded_chunked__T16	2232
18:39:30	post:patterns_snort__enron_x8__pthread_2d_sharded_chunked__T16	1701
18:39:30	pre:patterns_snort__enron_x8__pattern_sharded_prefix__T16	2509
18:41:36	post:patterns_snort__enron_x8__pattern_sharded_prefix__T16	1761
18:41:36	pre:patterns_snort__enron_x8__pthread_chunked__T32	2037
18:41:48	post:patterns_snort__enron_x8__pthread_chunked__T32	1579
18:41:48	pre:patterns_snort__enron_x8__pthread_chunked_v2__T32	2407
18:41:59	post:patterns_snort__enron_x8__pthread_chunked_v2__T32	1839
18:41:59	pre:patterns_snort__enron_x8__pthread_chunked_v3__T32	2309
18:42:11	post:patterns_snort__enron_x8__pthread_chunked_v3__T32	1582
18:42:11	pre:patterns_snort__enron_x8__pthread_dynamic__T32	1951
18:42:22	post:patterns_snort__enron_x8__pthread_dynamic__T32	1578
18:42:22	pre:patterns_snort__enron_x8__pthread_prefetch__T32	2553
18:42:33	post:patterns_snort__enron_x8__pthread_prefetch__T32	1712
18:42:33	pre:patterns_snort__enron_x8__pthread_chunked_flat__T32	2423
18:42:44	post:patterns_snort__enron_x8__pthread_chunked_flat__T32	1686
18:42:44	pre:patterns_snort__enron_x8__pthread_chunked_v3_flat__T32	2041
18:42:55	post:patterns_snort__enron_x8__pthread_chunked_v3_flat__T32	1663
18:42:55	pre:patterns_snort__enron_x8__pthread_2d_sharded_chunked__T32	2063
18:43:09	post:patterns_snort__enron_x8__pthread_2d_sharded_chunked__T32	1826
18:43:09	pre:patterns_snort__enron_x8__pattern_sharded_prefix__T32	2239
18:45:19	post:patterns_snort__enron_x8__pattern_sharded_prefix__T32	1788
18:45:19	pre:patterns_et_32__enron_x8__sequential__T0	2074
18:51:16	post:patterns_et_32__enron_x8__sequential__T0	1668
18:51:16	pre:patterns_et_32__enron_x8__sequential_flat__T0	2039
18:56:54	post:patterns_et_32__enron_x8__sequential_flat__T0	1743
18:56:54	pre:patterns_et_32__enron_x8__pthread_chunked__T1	2547
19:02:55	post:patterns_et_32__enron_x8__pthread_chunked__T1	1837
19:02:55	pre:patterns_et_32__enron_x8__pthread_chunked_v2__T1	2376
19:08:57	post:patterns_et_32__enron_x8__pthread_chunked_v2__T1	1613
19:08:57	pre:patterns_et_32__enron_x8__pthread_chunked_v3__T1	2117
19:15:00	post:patterns_et_32__enron_x8__pthread_chunked_v3__T1	1472
19:15:00	pre:patterns_et_32__enron_x8__pthread_dynamic__T1	2450
19:21:03	post:patterns_et_32__enron_x8__pthread_dynamic__T1	1862
19:21:03	pre:patterns_et_32__enron_x8__pthread_prefetch__T1	2478
19:27:02	post:patterns_et_32__enron_x8__pthread_prefetch__T1	1535
19:27:02	pre:patterns_et_32__enron_x8__pthread_chunked_flat__T1	2305
19:32:41	post:patterns_et_32__enron_x8__pthread_chunked_flat__T1	1515
19:32:41	pre:patterns_et_32__enron_x8__pthread_chunked_v3_flat__T1	2222
19:38:22	post:patterns_et_32__enron_x8__pthread_chunked_v3_flat__T1	1641
19:38:22	pre:patterns_et_32__enron_x8__pthread_2d_sharded_chunked__T1	2445
19:44:02	post:patterns_et_32__enron_x8__pthread_2d_sharded_chunked__T1	1675
19:44:02	pre:patterns_et_32__enron_x8__pattern_sharded_prefix__T1	2638
19:49:36	post:patterns_et_32__enron_x8__pattern_sharded_prefix__T1	1748
19:49:36	pre:patterns_et_32__enron_x8__pthread_chunked__T4	1955
19:51:19	post:patterns_et_32__enron_x8__pthread_chunked__T4	1495
19:51:19	pre:patterns_et_32__enron_x8__pthread_chunked_v2__T4	2207
19:53:00	post:patterns_et_32__enron_x8__pthread_chunked_v2__T4	1708
19:53:00	pre:patterns_et_32__enron_x8__pthread_chunked_v3__T4	2195
19:54:40	post:patterns_et_32__enron_x8__pthread_chunked_v3__T4	1621
19:54:40	pre:patterns_et_32__enron_x8__pthread_dynamic__T4	2548
19:56:21	post:patterns_et_32__enron_x8__pthread_dynamic__T4	1369
19:56:21	pre:patterns_et_32__enron_x8__pthread_prefetch__T4	2294
19:58:02	post:patterns_et_32__enron_x8__pthread_prefetch__T4	1851
19:58:02	pre:patterns_et_32__enron_x8__pthread_chunked_flat__T4	2208
19:59:36	post:patterns_et_32__enron_x8__pthread_chunked_flat__T4	2026
19:59:36	pre:patterns_et_32__enron_x8__pthread_chunked_v3_flat__T4	2873
20:01:11	post:patterns_et_32__enron_x8__pthread_chunked_v3_flat__T4	1641
20:01:11	pre:patterns_et_32__enron_x8__pthread_2d_sharded_chunked__T4	2288
20:03:09	post:patterns_et_32__enron_x8__pthread_2d_sharded_chunked__T4	1701
20:03:09	pre:patterns_et_32__enron_x8__pattern_sharded_prefix__T4	2322
20:06:03	post:patterns_et_32__enron_x8__pattern_sharded_prefix__T4	1750
20:06:03	pre:patterns_et_32__enron_x8__pthread_chunked__T8	2387
20:06:57	post:patterns_et_32__enron_x8__pthread_chunked__T8	1753
20:06:57	pre:patterns_et_32__enron_x8__pthread_chunked_v2__T8	2014
20:07:51	post:patterns_et_32__enron_x8__pthread_chunked_v2__T8	1415
20:07:51	pre:patterns_et_32__enron_x8__pthread_chunked_v3__T8	2214
20:08:45	post:patterns_et_32__enron_x8__pthread_chunked_v3__T8	1509
20:08:45	pre:patterns_et_32__enron_x8__pthread_dynamic__T8	2718
20:09:39	post:patterns_et_32__enron_x8__pthread_dynamic__T8	1831
20:09:39	pre:patterns_et_32__enron_x8__pthread_prefetch__T8	2127
20:10:33	post:patterns_et_32__enron_x8__pthread_prefetch__T8	1856
20:10:33	pre:patterns_et_32__enron_x8__pthread_chunked_flat__T8	2247
20:11:23	post:patterns_et_32__enron_x8__pthread_chunked_flat__T8	1636
20:11:23	pre:patterns_et_32__enron_x8__pthread_chunked_v3_flat__T8	2181
20:12:14	post:patterns_et_32__enron_x8__pthread_chunked_v3_flat__T8	1640
20:12:14	pre:patterns_et_32__enron_x8__pthread_2d_sharded_chunked__T8	2086
20:13:17	post:patterns_et_32__enron_x8__pthread_2d_sharded_chunked__T8	1838
20:13:17	pre:patterns_et_32__enron_x8__pattern_sharded_prefix__T8	2383
20:15:39	post:patterns_et_32__enron_x8__pattern_sharded_prefix__T8	1681
20:15:39	pre:patterns_et_32__enron_x8__pthread_chunked__T16	2487
20:16:10	post:patterns_et_32__enron_x8__pthread_chunked__T16	1760
20:16:10	pre:patterns_et_32__enron_x8__pthread_chunked_v2__T16	2141
20:16:41	post:patterns_et_32__enron_x8__pthread_chunked_v2__T16	1800
20:16:41	pre:patterns_et_32__enron_x8__pthread_chunked_v3__T16	1962
20:17:11	post:patterns_et_32__enron_x8__pthread_chunked_v3__T16	1877
20:17:11	pre:patterns_et_32__enron_x8__pthread_dynamic__T16	1995
20:17:42	post:patterns_et_32__enron_x8__pthread_dynamic__T16	1427
20:17:42	pre:patterns_et_32__enron_x8__pthread_prefetch__T16	1874
20:18:13	post:patterns_et_32__enron_x8__pthread_prefetch__T16	1606
20:18:13	pre:patterns_et_32__enron_x8__pthread_chunked_flat__T16	2223
20:18:41	post:patterns_et_32__enron_x8__pthread_chunked_flat__T16	1856
20:18:41	pre:patterns_et_32__enron_x8__pthread_chunked_v3_flat__T16	2239
20:19:11	post:patterns_et_32__enron_x8__pthread_chunked_v3_flat__T16	1487
20:19:11	pre:patterns_et_32__enron_x8__pthread_2d_sharded_chunked__T16	2043
20:19:46	post:patterns_et_32__enron_x8__pthread_2d_sharded_chunked__T16	1907
20:19:46	pre:patterns_et_32__enron_x8__pattern_sharded_prefix__T16	2431
20:22:07	post:patterns_et_32__enron_x8__pattern_sharded_prefix__T16	1536
20:22:07	pre:patterns_et_32__enron_x8__pthread_chunked__T32	2226
20:22:28	post:patterns_et_32__enron_x8__pthread_chunked__T32	1569
20:22:28	pre:patterns_et_32__enron_x8__pthread_chunked_v2__T32	2396
20:22:49	post:patterns_et_32__enron_x8__pthread_chunked_v2__T32	1682
20:22:49	pre:patterns_et_32__enron_x8__pthread_chunked_v3__T32	2397
20:23:10	post:patterns_et_32__enron_x8__pthread_chunked_v3__T32	1979
20:23:10	pre:patterns_et_32__enron_x8__pthread_dynamic__T32	2468
20:23:31	post:patterns_et_32__enron_x8__pthread_dynamic__T32	1618
20:23:31	pre:patterns_et_32__enron_x8__pthread_prefetch__T32	2087
20:23:52	post:patterns_et_32__enron_x8__pthread_prefetch__T32	1658
20:23:52	pre:patterns_et_32__enron_x8__pthread_chunked_flat__T32	2188
20:24:12	post:patterns_et_32__enron_x8__pthread_chunked_flat__T32	1591
20:24:12	pre:patterns_et_32__enron_x8__pthread_chunked_v3_flat__T32	2495
20:24:32	post:patterns_et_32__enron_x8__pthread_chunked_v3_flat__T32	1815
20:24:32	pre:patterns_et_32__enron_x8__pthread_2d_sharded_chunked__T32	2253
20:24:57	post:patterns_et_32__enron_x8__pthread_2d_sharded_chunked__T32	1537
20:24:57	pre:patterns_et_32__enron_x8__pattern_sharded_prefix__T32	1988
20:27:20	post:patterns_et_32__enron_x8__pattern_sharded_prefix__T32	1718
20:27:20	pre:patterns_snort_100__enron_corpus__sequential__T0	2710
20:27:34	post:patterns_snort_100__enron_corpus__sequential__T0	1883
20:27:34	pre:patterns_snort_100__enron_corpus__sequential_flat__T0	2663
20:27:49	post:patterns_snort_100__enron_corpus__sequential_flat__T0	1637
20:27:49	pre:patterns_snort_100__enron_corpus__pthread_chunked_v3__T1	2300
20:28:04	post:patterns_snort_100__enron_corpus__pthread_chunked_v3__T1	1674
20:28:04	pre:patterns_snort_100__enron_corpus__pthread_chunked_v3__T32	2214
20:28:04	post:patterns_snort_100__enron_corpus__pthread_chunked_v3__T32	5428
20:28:04	pre:patterns_snort_100__enron_corpus__pthread_chunked_flat__T1	5444
20:28:19	post:patterns_snort_100__enron_corpus__pthread_chunked_flat__T1	1654
20:28:19	pre:patterns_snort_100__enron_corpus__pthread_chunked_flat__T32	2212
20:28:20	post:patterns_snort_100__enron_corpus__pthread_chunked_flat__T32	5434
20:28:20	pre:patterns_snort_1k__enron_corpus__sequential__T0	5378
20:28:41	post:patterns_snort_1k__enron_corpus__sequential__T0	1830
20:28:41	pre:patterns_snort_1k__enron_corpus__sequential_flat__T0	2665
20:29:01	post:patterns_snort_1k__enron_corpus__sequential_flat__T0	1317
20:29:01	pre:patterns_snort_1k__enron_corpus__pthread_chunked_v3__T1	2296
20:29:22	post:patterns_snort_1k__enron_corpus__pthread_chunked_v3__T1	1721
20:29:22	pre:patterns_snort_1k__enron_corpus__pthread_chunked_v3__T32	2120
20:29:23	post:patterns_snort_1k__enron_corpus__pthread_chunked_v3__T32	5465
20:29:23	pre:patterns_snort_1k__enron_corpus__pthread_chunked_flat__T1	5481
20:29:43	post:patterns_snort_1k__enron_corpus__pthread_chunked_flat__T1	1999
20:29:43	pre:patterns_snort_1k__enron_corpus__pthread_chunked_flat__T32	2841
20:29:44	post:patterns_snort_1k__enron_corpus__pthread_chunked_flat__T32	4726
20:29:44	pre:patterns_snort__enron_corpus__sequential__T0	4724
20:30:13	post:patterns_snort__enron_corpus__sequential__T0	1434
20:30:13	pre:patterns_snort__enron_corpus__sequential_flat__T0	2456
20:30:41	post:patterns_snort__enron_corpus__sequential_flat__T0	1999
20:30:41	pre:patterns_snort__enron_corpus__pthread_chunked_v3__T1	2631
20:31:10	post:patterns_snort__enron_corpus__pthread_chunked_v3__T1	1653
20:31:10	pre:patterns_snort__enron_corpus__pthread_chunked_v3__T32	2173
20:31:12	post:patterns_snort__enron_corpus__pthread_chunked_v3__T32	5205
20:31:12	pre:patterns_snort__enron_corpus__pthread_chunked_flat__T1	4595
20:31:39	post:patterns_snort__enron_corpus__pthread_chunked_flat__T1	1583
20:31:39	pre:patterns_snort__enron_corpus__pthread_chunked_flat__T32	2114
20:31:41	post:patterns_snort__enron_corpus__pthread_chunked_flat__T32	4361
20:31:41	pre:patterns_et_32__enron_corpus__sequential__T0	4375
20:32:26	post:patterns_et_32__enron_corpus__sequential__T0	1784
20:32:26	pre:patterns_et_32__enron_corpus__sequential_flat__T0	2252
20:33:09	post:patterns_et_32__enron_corpus__sequential_flat__T0	1746
20:33:09	pre:patterns_et_32__enron_corpus__pthread_chunked_v3__T1	2365
20:33:54	post:patterns_et_32__enron_corpus__pthread_chunked_v3__T1	1536
20:33:54	pre:patterns_et_32__enron_corpus__pthread_chunked_v3__T32	2174
20:33:57	post:patterns_et_32__enron_corpus__pthread_chunked_v3__T32	1617
20:33:57	pre:patterns_et_32__enron_corpus__pthread_chunked_flat__T1	2844
20:34:40	post:patterns_et_32__enron_corpus__pthread_chunked_flat__T1	1725
20:34:40	pre:patterns_et_32__enron_corpus__pthread_chunked_flat__T32	2224
20:34:43	post:patterns_et_32__enron_corpus__pthread_chunked_flat__T32	1627
20:34:43	pre:patterns_snort__enron_corpus__sequential__T0	2347
20:35:12	post:patterns_snort__enron_corpus__sequential__T0	1621
20:35:12	pre:patterns_snort__enron_corpus__pthread_chunked_v3__T1	2260
20:35:41	post:patterns_snort__enron_corpus__pthread_chunked_v3__T1	2036
20:35:41	pre:patterns_snort__enron_corpus__pthread_chunked_v3__T32	2179
20:35:42	post:patterns_snort__enron_corpus__pthread_chunked_v3__T32	5481
20:35:42	pre:patterns_snort__enron_corpus__pthread_chunked__T32_perthread	5496
20:35:43	post:patterns_snort__enron_corpus__pthread_chunked__T32_perthread	2192
20:35:43	pre:patterns_snort__enron_corpus__pthread_chunked_v2__T32_perthread	2535
20:35:45	post:patterns_snort__enron_corpus__pthread_chunked_v2__T32_perthread	1689
20:35:45	pre:patterns_snort__enron_corpus__pthread_chunked_v3__T32_perthread	2295
20:35:46	post:patterns_snort__enron_corpus__pthread_chunked_v3__T32_perthread	1952
20:35:46	pre:patterns_snort__enron_corpus__pthread_dynamic__T32_perthread	2283
20:35:47	post:patterns_snort__enron_corpus__pthread_dynamic__T32_perthread	1835
20:35:47	pre:patterns_snort__enron_corpus__pthread_prefetch__T32_perthread	2439
20:35:48	post:patterns_snort__enron_corpus__pthread_prefetch__T32_perthread	1737
20:35:48	pre:patterns_snort__enron_corpus__pthread_chunked_flat__T32_perthread	2382
20:35:49	post:patterns_snort__enron_corpus__pthread_chunked_flat__T32_perthread	1544
20:35:49	pre:patterns_snort__enron_corpus__pthread_chunked_v3_flat__T32_perthread	2345
20:35:50	post:patterns_snort__enron_corpus__pthread_chunked_v3_flat__T32_perthread	1498
20:35:50	pre:patterns_snort__enron_corpus__pthread_2d_sharded_chunked__T32_perthread	2433
20:35:51	post:patterns_snort__enron_corpus__pthread_2d_sharded_chunked__T32_perthread	1603
20:35:51	pre:patterns_snort__enron_corpus__pattern_sharded_prefix__T32_perthread	2214
20:36:03	post:patterns_snort__enron_corpus__pattern_sharded_prefix__T32_perthread	1606
20:36:03	pre:patterns_snort_100__enron_corpus__sequential__T0_buildseq	2188
20:36:05	post:patterns_snort_100__enron_corpus__sequential__T0_buildseq	1622
20:36:05	pre:patterns_snort_100__enron_corpus__sequential__T0_buildpar_T2	2351
20:36:07	post:patterns_snort_100__enron_corpus__sequential__T0_buildpar_T2	1665
20:36:07	pre:patterns_snort_100__enron_corpus__sequential__T0_buildpar_T4	2224
20:36:09	post:patterns_snort_100__enron_corpus__sequential__T0_buildpar_T4	1645
20:36:09	pre:patterns_snort_100__enron_corpus__sequential__T0_buildpar_T8	2520
20:36:11	post:patterns_snort_100__enron_corpus__sequential__T0_buildpar_T8	1684
20:36:11	pre:patterns_snort_100__enron_corpus__sequential__T0_buildpar_T16	2387
20:36:14	post:patterns_snort_100__enron_corpus__sequential__T0_buildpar_T16	1417
20:36:14	pre:patterns_snort_100__enron_corpus__sequential__T0_buildpar_T32	2405
20:36:16	post:patterns_snort_100__enron_corpus__sequential__T0_buildpar_T32	1862
20:36:16	pre:patterns_snort_1k__enron_corpus__sequential__T0_buildseq	2730
20:36:19	post:patterns_snort_1k__enron_corpus__sequential__T0_buildseq	1632
20:36:19	pre:patterns_snort_1k__enron_corpus__sequential__T0_buildpar_T2	2169
20:36:22	post:patterns_snort_1k__enron_corpus__sequential__T0_buildpar_T2	1744
20:36:22	pre:patterns_snort_1k__enron_corpus__sequential__T0_buildpar_T4	2559
20:36:25	post:patterns_snort_1k__enron_corpus__sequential__T0_buildpar_T4	1525
20:36:25	pre:patterns_snort_1k__enron_corpus__sequential__T0_buildpar_T8	2392
20:36:28	post:patterns_snort_1k__enron_corpus__sequential__T0_buildpar_T8	1570
20:36:28	pre:patterns_snort_1k__enron_corpus__sequential__T0_buildpar_T16	2122
20:36:31	post:patterns_snort_1k__enron_corpus__sequential__T0_buildpar_T16	1583
20:36:31	pre:patterns_snort_1k__enron_corpus__sequential__T0_buildpar_T32	2252
20:36:34	post:patterns_snort_1k__enron_corpus__sequential__T0_buildpar_T32	1343
20:36:34	pre:patterns_snort__enron_corpus__sequential__T0_buildseq	2033
20:36:38	post:patterns_snort__enron_corpus__sequential__T0_buildseq	1873
20:36:38	pre:patterns_snort__enron_corpus__sequential__T0_buildpar_T2	2462
20:36:43	post:patterns_snort__enron_corpus__sequential__T0_buildpar_T2	1564
20:36:43	pre:patterns_snort__enron_corpus__sequential__T0_buildpar_T4	2332
20:36:47	post:patterns_snort__enron_corpus__sequential__T0_buildpar_T4	1811
20:36:47	pre:patterns_snort__enron_corpus__sequential__T0_buildpar_T8	2312
20:36:51	post:patterns_snort__enron_corpus__sequential__T0_buildpar_T8	1403
20:36:51	pre:patterns_snort__enron_corpus__sequential__T0_buildpar_T16	2239
20:36:55	post:patterns_snort__enron_corpus__sequential__T0_buildpar_T16	1501
20:36:55	pre:patterns_snort__enron_corpus__sequential__T0_buildpar_T32	2412
20:36:59	post:patterns_snort__enron_corpus__sequential__T0_buildpar_T32	1757
20:36:59	pre:patterns_et_32__enron_corpus__sequential__T0_buildseq	2562
20:37:06	post:patterns_et_32__enron_corpus__sequential__T0_buildseq	1736
20:37:06	pre:patterns_et_32__enron_corpus__sequential__T0_buildpar_T2	2297
20:37:13	post:patterns_et_32__enron_corpus__sequential__T0_buildpar_T2	1577
20:37:13	pre:patterns_et_32__enron_corpus__sequential__T0_buildpar_T4	2486
20:37:20	post:patterns_et_32__enron_corpus__sequential__T0_buildpar_T4	1512
20:37:20	pre:patterns_et_32__enron_corpus__sequential__T0_buildpar_T8	2204
20:37:27	post:patterns_et_32__enron_corpus__sequential__T0_buildpar_T8	1943
20:37:27	pre:patterns_et_32__enron_corpus__sequential__T0_buildpar_T16	2943
20:37:34	post:patterns_et_32__enron_corpus__sequential__T0_buildpar_T16	1588
20:37:34	pre:patterns_et_32__enron_corpus__sequential__T0_buildpar_T32	2748
20:37:40	post:patterns_et_32__enron_corpus__sequential__T0_buildpar_T32	1656
17:28:02	pre:patterns_snort__enron_corpus__pthread_dynamic_flat__T1	5412
17:28:31	post:patterns_snort__enron_corpus__pthread_dynamic_flat__T1	1638
17:28:31	pre:patterns_snort__enron_corpus__pthread_dynamic_flat__T2	4945
17:28:45	post:patterns_snort__enron_corpus__pthread_dynamic_flat__T2	1827
17:28:45	pre:patterns_snort__enron_corpus__pthread_dynamic_flat__T4	4642
17:28:53	post:patterns_snort__enron_corpus__pthread_dynamic_flat__T4	1652
17:28:53	pre:patterns_snort__enron_corpus__pthread_dynamic_flat__T6	5245
17:28:58	post:patterns_snort__enron_corpus__pthread_dynamic_flat__T6	1574
17:28:58	pre:patterns_snort__enron_corpus__pthread_dynamic_flat__T8	5577
17:29:02	post:patterns_snort__enron_corpus__pthread_dynamic_flat__T8	2258
17:29:02	pre:patterns_snort__enron_corpus__pthread_dynamic_flat__T10	5510
17:29:05	post:patterns_snort__enron_corpus__pthread_dynamic_flat__T10	1979
17:29:05	pre:patterns_snort__enron_corpus__pthread_dynamic_flat__T12	5258
17:29:08	post:patterns_snort__enron_corpus__pthread_dynamic_flat__T12	2403
17:29:08	pre:patterns_snort__enron_corpus__pthread_dynamic_flat__T14	4910
17:29:10	post:patterns_snort__enron_corpus__pthread_dynamic_flat__T14	1727
17:29:10	pre:patterns_snort__enron_corpus__pthread_dynamic_flat__T16	5558
17:29:12	post:patterns_snort__enron_corpus__pthread_dynamic_flat__T16	2334
17:29:12	pre:patterns_snort__enron_corpus__pthread_dynamic_flat__T18	5546
17:29:14	post:patterns_snort__enron_corpus__pthread_dynamic_flat__T18	1791
17:29:14	pre:patterns_snort__enron_corpus__pthread_dynamic_flat__T20	5386
17:29:16	post:patterns_snort__enron_corpus__pthread_dynamic_flat__T20	1928
17:29:16	pre:patterns_snort__enron_corpus__pthread_dynamic_flat__T22	5551
17:29:18	post:patterns_snort__enron_corpus__pthread_dynamic_flat__T22	2594
17:29:18	pre:patterns_snort__enron_corpus__pthread_dynamic_flat__T24	5545
17:29:20	post:patterns_snort__enron_corpus__pthread_dynamic_flat__T24	3075
17:29:20	pre:patterns_snort__enron_corpus__pthread_dynamic_flat__T26	4607
17:29:22	post:patterns_snort__enron_corpus__pthread_dynamic_flat__T26	1719
17:29:22	pre:patterns_snort__enron_corpus__pthread_dynamic_flat__T28	5225
17:29:23	post:patterns_snort__enron_corpus__pthread_dynamic_flat__T28	4251
17:29:23	pre:patterns_snort__enron_corpus__pthread_dynamic_flat__T30	5065
17:29:25	post:patterns_snort__enron_corpus__pthread_dynamic_flat__T30	4427
17:29:25	pre:patterns_snort__enron_corpus__pthread_dynamic_flat__T32	5373
17:29:26	post:patterns_snort__enron_corpus__pthread_dynamic_flat__T32	4880
17:29:26	pre:patterns_et_32__enron_corpus__pthread_dynamic_flat__T1	5526
17:30:09	post:patterns_et_32__enron_corpus__pthread_dynamic_flat__T1	1478
17:30:09	pre:patterns_et_32__enron_corpus__pthread_dynamic_flat__T2	2446
17:30:32	post:patterns_et_32__enron_corpus__pthread_dynamic_flat__T2	1923
17:30:32	pre:patterns_et_32__enron_corpus__pthread_dynamic_flat__T4	3140
17:30:44	post:patterns_et_32__enron_corpus__pthread_dynamic_flat__T4	1778
17:30:44	pre:patterns_et_32__enron_corpus__pthread_dynamic_flat__T6	4276
17:30:52	post:patterns_et_32__enron_corpus__pthread_dynamic_flat__T6	1872
17:30:52	pre:patterns_et_32__enron_corpus__pthread_dynamic_flat__T8	2958
17:30:59	post:patterns_et_32__enron_corpus__pthread_dynamic_flat__T8	1859
17:30:59	pre:patterns_et_32__enron_corpus__pthread_dynamic_flat__T10	3213
17:31:05	post:patterns_et_32__enron_corpus__pthread_dynamic_flat__T10	1660
17:31:05	pre:patterns_et_32__enron_corpus__pthread_dynamic_flat__T12	4140
17:31:10	post:patterns_et_32__enron_corpus__pthread_dynamic_flat__T12	1789
17:31:10	pre:patterns_et_32__enron_corpus__pthread_dynamic_flat__T14	4180
17:31:14	post:patterns_et_32__enron_corpus__pthread_dynamic_flat__T14	1512
17:31:14	pre:patterns_et_32__enron_corpus__pthread_dynamic_flat__T16	2634
17:31:18	post:patterns_et_32__enron_corpus__pthread_dynamic_flat__T16	1675
17:31:19	pre:patterns_et_32__enron_corpus__pthread_dynamic_flat__T18	2858
17:31:22	post:patterns_et_32__enron_corpus__pthread_dynamic_flat__T18	2035
17:31:23	pre:patterns_et_32__enron_corpus__pthread_dynamic_flat__T20	3261
17:31:26	post:patterns_et_32__enron_corpus__pthread_dynamic_flat__T20	1769
17:31:26	pre:patterns_et_32__enron_corpus__pthread_dynamic_flat__T22	4570
17:31:30	post:patterns_et_32__enron_corpus__pthread_dynamic_flat__T22	1830
17:31:30	pre:patterns_et_32__enron_corpus__pthread_dynamic_flat__T24	4066
17:31:33	post:patterns_et_32__enron_corpus__pthread_dynamic_flat__T24	1761
17:31:33	pre:patterns_et_32__enron_corpus__pthread_dynamic_flat__T26	4065
17:31:36	post:patterns_et_32__enron_corpus__pthread_dynamic_flat__T26	1935
17:31:36	pre:patterns_et_32__enron_corpus__pthread_dynamic_flat__T28	3976
17:31:39	post:patterns_et_32__enron_corpus__pthread_dynamic_flat__T28	1878
17:31:39	pre:patterns_et_32__enron_corpus__pthread_dynamic_flat__T30	2886
17:31:42	post:patterns_et_32__enron_corpus__pthread_dynamic_flat__T30	1614
17:31:42	pre:patterns_et_32__enron_corpus__pthread_dynamic_flat__T32	2884
17:31:45	post:patterns_et_32__enron_corpus__pthread_dynamic_flat__T32	1746
17:31:45	pre:patterns_snort__enron_x8__pthread_dynamic_flat__T1	3521
17:35:34	post:patterns_snort__enron_x8__pthread_dynamic_flat__T1	1409
17:35:34	pre:patterns_snort__enron_x8__pthread_dynamic_flat__T4	3156
17:36:32	post:patterns_snort__enron_x8__pthread_dynamic_flat__T4	1984
17:36:32	pre:patterns_snort__enron_x8__pthread_dynamic_flat__T8	3050
17:37:02	post:patterns_snort__enron_x8__pthread_dynamic_flat__T8	1655
17:37:02	pre:patterns_snort__enron_x8__pthread_dynamic_flat__T16	3120
17:37:19	post:patterns_snort__enron_x8__pthread_dynamic_flat__T16	1596
17:37:19	pre:patterns_snort__enron_x8__pthread_dynamic_flat__T32	4048
17:37:29	post:patterns_snort__enron_x8__pthread_dynamic_flat__T32	1649
17:37:29	pre:patterns_et_32__enron_x8__pthread_dynamic_flat__T1	5074
17:43:05	post:patterns_et_32__enron_x8__pthread_dynamic_flat__T1	1674
17:43:05	pre:patterns_et_32__enron_x8__pthread_dynamic_flat__T4	3465
17:44:39	post:patterns_et_32__enron_x8__pthread_dynamic_flat__T4	1652
17:44:39	pre:patterns_et_32__enron_x8__pthread_dynamic_flat__T8	3565
17:45:30	post:patterns_et_32__enron_x8__pthread_dynamic_flat__T8	1723
17:45:30	pre:patterns_et_32__enron_x8__pthread_dynamic_flat__T16	4654
17:45:59	post:patterns_et_32__enron_x8__pthread_dynamic_flat__T16	1903
17:45:59	pre:patterns_et_32__enron_x8__pthread_dynamic_flat__T32	2750
17:46:18	post:patterns_et_32__enron_x8__pthread_dynamic_flat__T32	1452
17:46:18	pre:patterns_snort_100__enron_corpus__pthread_dynamic__T1	3494
17:46:33	post:patterns_snort_100__enron_corpus__pthread_dynamic__T1	2054
17:46:33	pre:patterns_snort_100__enron_corpus__pthread_dynamic__T32	2433
17:46:34	post:patterns_snort_100__enron_corpus__pthread_dynamic__T32	5442
17:46:34	pre:patterns_snort_100__enron_corpus__pthread_dynamic_flat__T1	5460
17:46:48	post:patterns_snort_100__enron_corpus__pthread_dynamic_flat__T1	1689
17:46:48	pre:patterns_snort_100__enron_corpus__pthread_dynamic_flat__T32	2055
17:46:49	post:patterns_snort_100__enron_corpus__pthread_dynamic_flat__T32	5465
17:46:49	pre:patterns_snort_1k__enron_corpus__pthread_dynamic__T1	5063
17:47:10	post:patterns_snort_1k__enron_corpus__pthread_dynamic__T1	1901
17:47:10	pre:patterns_snort_1k__enron_corpus__pthread_dynamic__T32	2362
17:47:11	post:patterns_snort_1k__enron_corpus__pthread_dynamic__T32	4875
17:47:11	pre:patterns_snort_1k__enron_corpus__pthread_dynamic_flat__T1	4890
17:47:31	post:patterns_snort_1k__enron_corpus__pthread_dynamic_flat__T1	1717
17:47:31	pre:patterns_snort_1k__enron_corpus__pthread_dynamic_flat__T32	2030
17:47:32	post:patterns_snort_1k__enron_corpus__pthread_dynamic_flat__T32	5026
17:47:32	pre:patterns_snort__enron_corpus__pthread_dynamic__T1	5368
17:48:01	post:patterns_snort__enron_corpus__pthread_dynamic__T1	1638
17:48:01	pre:patterns_snort__enron_corpus__pthread_dynamic__T32	2185
17:48:02	post:patterns_snort__enron_corpus__pthread_dynamic__T32	4818
17:48:02	pre:patterns_snort__enron_corpus__pthread_dynamic_flat__T1	4790
17:48:30	post:patterns_snort__enron_corpus__pthread_dynamic_flat__T1	1634
17:48:30	pre:patterns_snort__enron_corpus__pthread_dynamic_flat__T32	2902
17:48:32	post:patterns_snort__enron_corpus__pthread_dynamic_flat__T32	4902
17:48:32	pre:patterns_et_32__enron_corpus__pthread_dynamic__T1	3623
17:49:16	post:patterns_et_32__enron_corpus__pthread_dynamic__T1	1713
17:49:16	pre:patterns_et_32__enron_corpus__pthread_dynamic__T32	2180
17:49:19	post:patterns_et_32__enron_corpus__pthread_dynamic__T32	1695
17:49:19	pre:patterns_et_32__enron_corpus__pthread_dynamic_flat__T1	2358
17:50:02	post:patterns_et_32__enron_corpus__pthread_dynamic_flat__T1	1902
17:50:02	pre:patterns_et_32__enron_corpus__pthread_dynamic_flat__T32	2558
17:50:05	post:patterns_et_32__enron_corpus__pthread_dynamic_flat__T32	1607
17:50:05	pre:patterns_snort__simplewiki__sequential__T0	2113
17:50:30	post:patterns_snort__simplewiki__sequential__T0	1709
17:50:30	pre:patterns_snort__simplewiki__sequential_flat__T0	2094
17:50:54	post:patterns_snort__simplewiki__sequential_flat__T0	1701
17:50:54	pre:patterns_snort__simplewiki__pthread_chunked_v3__T1	2451
17:51:20	post:patterns_snort__simplewiki__pthread_chunked_v3__T1	1633
17:51:20	pre:patterns_snort__simplewiki__pthread_chunked_v3__T32	2313
17:51:21	post:patterns_snort__simplewiki__pthread_chunked_v3__T32	5294
17:51:21	pre:patterns_snort__simplewiki__pthread_chunked_flat__T1	5294
17:51:45	post:patterns_snort__simplewiki__pthread_chunked_flat__T1	1603
17:51:45	pre:patterns_snort__simplewiki__pthread_chunked_flat__T32	2444
17:51:46	post:patterns_snort__simplewiki__pthread_chunked_flat__T32	4824
17:51:46	pre:patterns_snort__simplewiki__pthread_dynamic__T1	4793
17:52:12	post:patterns_snort__simplewiki__pthread_dynamic__T1	1792
17:52:12	pre:patterns_snort__simplewiki__pthread_dynamic__T32	1945
17:52:13	post:patterns_snort__simplewiki__pthread_dynamic__T32	4717
17:52:13	pre:patterns_snort__simplewiki__pthread_dynamic_flat__T1	4689
17:52:37	post:patterns_snort__simplewiki__pthread_dynamic_flat__T1	1778
17:52:37	pre:patterns_snort__simplewiki__pthread_dynamic_flat__T32	2388
17:52:39	post:patterns_snort__simplewiki__pthread_dynamic_flat__T32	4724
17:52:39	pre:patterns_snort__enron_corpus__sequential_flat__T0	4325
17:53:06	post:patterns_snort__enron_corpus__sequential_flat__T0	1668
17:53:06	pre:patterns_snort__enron_corpus__pthread_chunked_flat__T1	2444
17:53:34	post:patterns_snort__enron_corpus__pthread_chunked_flat__T1	1846
17:53:34	pre:patterns_snort__enron_corpus__pthread_chunked_flat__T32	2415
17:53:35	post:patterns_snort__enron_corpus__pthread_chunked_flat__T32	4392
17:53:35	pre:patterns_snort__enron_corpus__pthread_dynamic__T1	4545
17:54:04	post:patterns_snort__enron_corpus__pthread_dynamic__T1	1606
17:54:04	pre:patterns_snort__enron_corpus__pthread_dynamic__T32	2083
17:54:06	post:patterns_snort__enron_corpus__pthread_dynamic__T32	3859
17:54:06	pre:patterns_snort__enron_corpus__pthread_dynamic_flat__T1	3939
17:54:34	post:patterns_snort__enron_corpus__pthread_dynamic_flat__T1	1909
17:54:34	pre:patterns_snort__enron_corpus__pthread_dynamic_flat__T32	2206
17:54:35	post:patterns_snort__enron_corpus__pthread_dynamic_flat__T32	5024
17:54:35	pre:patterns_snort__enron_corpus__pthread_dynamic_flat__T32_perthread	4239
17:54:36	post:patterns_snort__enron_corpus__pthread_dynamic_flat__T32_perthread	1639
17:54:36	pre:patterns_snort__enron_corpus__pthread_dynamic__T32_tpt001	3852
17:54:38	post:patterns_snort__enron_corpus__pthread_dynamic__T32_tpt001	4371
17:54:38	pre:patterns_snort__enron_corpus__pthread_dynamic__T32_tpt001_perthread	4416
17:54:39	post:patterns_snort__enron_corpus__pthread_dynamic__T32_tpt001_perthread	2010
17:54:39	pre:patterns_snort__enron_corpus__pthread_dynamic__T32_tpt004	2523
17:54:40	post:patterns_snort__enron_corpus__pthread_dynamic__T32_tpt004	5402
17:54:40	pre:patterns_snort__enron_corpus__pthread_dynamic__T32_tpt004_perthread	5427
17:54:41	post:patterns_snort__enron_corpus__pthread_dynamic__T32_tpt004_perthread	1910
17:54:41	pre:patterns_snort__enron_corpus__pthread_dynamic__T32_tpt016	2732
17:54:43	post:patterns_snort__enron_corpus__pthread_dynamic__T32_tpt016	4743
17:54:43	pre:patterns_snort__enron_corpus__pthread_dynamic__T32_tpt016_perthread	4800
17:54:44	post:patterns_snort__enron_corpus__pthread_dynamic__T32_tpt016_perthread	1778
17:54:44	pre:patterns_snort__enron_corpus__pthread_dynamic__T32_tpt064	2653
17:54:45	post:patterns_snort__enron_corpus__pthread_dynamic__T32_tpt064	4483
17:54:45	pre:patterns_snort__enron_corpus__pthread_dynamic__T32_tpt064_perthread	4410
17:54:46	post:patterns_snort__enron_corpus__pthread_dynamic__T32_tpt064_perthread	1667
17:54:46	pre:patterns_snort__enron_corpus__pthread_dynamic__T32_tpt256	2258
17:54:47	post:patterns_snort__enron_corpus__pthread_dynamic__T32_tpt256	5165
17:54:47	pre:patterns_snort__enron_corpus__pthread_dynamic__T32_tpt256_perthread	5281
17:54:48	post:patterns_snort__enron_corpus__pthread_dynamic__T32_tpt256_perthread	1482
17:54:48	pre:patterns_snort__enron_corpus__pthread_dynamic_flat__T32_tpt001	2527
17:54:50	post:patterns_snort__enron_corpus__pthread_dynamic_flat__T32_tpt001	4503
17:54:50	pre:patterns_snort__enron_corpus__pthread_dynamic_flat__T32_tpt001_perthread	4590
17:54:51	post:patterns_snort__enron_corpus__pthread_dynamic_flat__T32_tpt001_perthread	1941
17:54:51	pre:patterns_snort__enron_corpus__pthread_dynamic_flat__T32_tpt004	2702
17:54:52	post:patterns_snort__enron_corpus__pthread_dynamic_flat__T32_tpt004	4506
17:54:52	pre:patterns_snort__enron_corpus__pthread_dynamic_flat__T32_tpt004_perthread	4378
17:54:53	post:patterns_snort__enron_corpus__pthread_dynamic_flat__T32_tpt004_perthread	1947
17:54:53	pre:patterns_snort__enron_corpus__pthread_dynamic_flat__T32_tpt016	2587
17:54:55	post:patterns_snort__enron_corpus__pthread_dynamic_flat__T32_tpt016	5155
17:54:55	pre:patterns_snort__enron_corpus__pthread_dynamic_flat__T32_tpt016_perthread	4837
17:54:56	post:patterns_snort__enron_corpus__pthread_dynamic_flat__T32_tpt016_perthread	1568
17:54:56	pre:patterns_snort__enron_corpus__pthread_dynamic_flat__T32_tpt064	2559
17:54:57	post:patterns_snort__enron_corpus__pthread_dynamic_flat__T32_tpt064	1956
17:54:57	pre:patterns_snort__enron_corpus__pthread_dynamic_flat__T32_tpt064_perthread	2607
17:54:58	post:patterns_snort__enron_corpus__pthread_dynamic_flat__T32_tpt064_perthread	1565
17:54:58	pre:patterns_snort__enron_corpus__pthread_dynamic_flat__T32_tpt256	2399
17:54:59	post:patterns_snort__enron_corpus__pthread_dynamic_flat__T32_tpt256	5077
17:54:59	pre:patterns_snort__enron_corpus__pthread_dynamic_flat__T32_tpt256_perthread	5125
17:55:00	post:patterns_snort__enron_corpus__pthread_dynamic_flat__T32_tpt256_perthread	1940
